periodo_academico,orden_periodo,codigo_curso,nombre_curso,semestre_pensum,area_academica,tipo_curso_configurado,requiere_laboratorio,curso_obligatorio,curso_base,curso_bloqueante,cantidad_cursos_dependientes,nivel_bloqueo_curricular,curso_aperturado,curso_cancelado,secciones_abiertas,cupo_total_ofertado,estudiantes_asignados,estudiantes_desasignados,estudiantes_con_nota,tasa_ocupacion_cupo,estudiantes_con_acta_ordinaria,aprobados_ordinario,reprobados_ordinario,estudiantes_recuperacion,aprobados_recuperacion,perdida_definitiva,nsp_total,equivalencias_total,tasa_aprobacion_ordinaria,tasa_perdida_ordinaria,tasa_recuperacion,tasa_aprobacion_recuperacion,tasa_perdida_definitiva,indice_dependencia_recuperacion,promedio_zona_ordinaria,promedio_examen_ordinario,promedio_nota_total_ordinario,curso_abierto_periodo_siguiente,curso_abierto_en_periodo_posterior_2024,estudiantes_sin_oportunidad_inmediata,estudiantes_en_riesgo_retraso_curricular
S1,1,028,Social Humanistica 1,1,Ciencias Basicas y Complementarias,teorico,No,Si,No,Si,1,medio,Si,No,6,120,25,0,25,0.20833333333333334,25,16,9,6,1,8,0,0,0.64,0.36,0.24,0.16666666666666666,0.32,0.058823529411764705,50.28,14.56,64.84,False,False,8,8
S1,1,072,Fisica Basica,2,Ciencias Basicas y Complementarias,teorico,Si,Si,No,Si,1,medio,Si,No,2,75,54,2,52,0.72,52,31,18,12,6,15,3,0,0.5961538461538461,0.34615384615384615,0.23076923076923078,0.5,0.28846153846153844,0.16216216216216217,46.13461538461539,16.73469387755102,61.90384615384615,False,True,15,15
S1,1,077,Filosofia de la Ciencia,5,Ciencias Basicas y Complementarias,teorico,No,No,No,No,0,bajo,Si,No,1,30,18,3,15,0.6,15,10,5,4,2,3,0,0,0.6666666666666666,0.3333333333333333,0.26666666666666666,0.5,0.2,0.16666666666666666,47.6,17.333333333333332,64.93333333333334,False,False,3,0
S1,1,085,Logica,4,Ciencias Basicas y Complementarias,teorico,No,No,No,No,0,bajo,Si,No,2,65,54,3,51,0.8307692307692308,51,32,17,11,6,13,2,0,0.6274509803921569,0.3333333333333333,0.21568627450980393,0.5454545454545454,0.2549019607843137,0.15789473684210525,48.627450980392155,15.83673469387755,63.84313725490196,False,True,13,0
S1,1,094,Ecologia,5,Ciencias Basicas y Complementarias,teorico,No,No,No,Si,1,medio,Si,No,1,20,6,1,5,0.3,5,3,2,1,0,2,0,0,0.6,0.4,0.2,0.0,0.4,0.0,57.0,7.8,64.8,True,True,0,0
S1,1,119,Tecnica Complementaria 1,1,Ciencias Basicas y Complementarias,teorico,No,Si,No,No,0,bajo,Si,No,5,100,36,0,36,0.36,36,23,13,11,3,10,0,0,0.6388888888888888,0.3611111111111111,0.3055555555555556,0.2727272727272727,0.2777777777777778,0.11538461538461539,50.30555555555556,17.11111111111111,67.41666666666667,False,False,10,0
S1,1,146,Fisica 1,3,Ciencias Basicas y Complementarias,teorico,Si,Si,No,Si,1,medio,Si,No,2,65,42,4,38,0.6461538461538462,38,23,13,8,4,11,2,0,0.6052631578947368,0.34210526315789475,0.21052631578947367,0.5,0.2894736842105263,0.14814814814814814,46.526315789473685,16.555555555555557,62.21052631578947,True,True,0,0
S1,1,147,Fisica 2,4,Ciencias Basicas y Complementarias,teorico,Si,Si,Si,Si,3,medio,Si,No,2,65,40,4,36,0.6153846153846154,36,21,13,10,4,11,2,0,0.5833333333333334,0.3611111111111111,0.2777777777777778,0.4,0.3055555555555556,0.16,46.94444444444444,15.058823529411764,61.166666666666664,True,True,0,0
S1,1,169,Matematica Basica 1,1,Ciencias Basicas y Complementarias,teorico,No,Si,Si,Si,2,medio,Si,No,6,155,95,5,90,0.6129032258064516,90,58,30,23,10,22,2,0,0.6444444444444445,0.3333333333333333,0.25555555555555554,0.43478260869565216,0.24444444444444444,0.14705882352941177,49.15555555555556,15.863636363636363,64.66666666666667,True,True,0,0
S1,1,170,Matematica Basica 2,2,Ciencias Basicas y Complementarias,teorico,No,Si,Si,Si,6,alto,Si,No,3,80,61,5,56,0.7625,56,35,19,11,7,14,2,0,0.625,0.3392857142857143,0.19642857142857142,0.6363636363636364,0.25,0.16666666666666666,48.30357142857143,18.35185185185185,66.0,True,True,0,0
S1,1,177,Deportes 1,1,Ciencias Basicas y Complementarias,teorico,No,No,No,Si,1,medio,Si,No,4,80,11,0,11,0.1375,11,8,3,0,0,3,0,0,0.7272727272727273,0.2727272727272727,0.0,,0.2727272727272727,0.0,52.90909090909091,15.454545454545455,68.36363636363636,False,False,3,3
S1,1,216,Quimica 1,1,Ciencias Basicas y Complementarias,teorico,Si,Si,No,Si,1,medio,Si,No,6,120,25,0,25,0.20833333333333334,25,15,10,6,1,9,0,0,0.6,0.4,0.24,0.16666666666666666,0.36,0.0625,49.56,15.48,65.04,False,True,9,9
S1,1,2666,Orientacion y Liderazgo,1,Ciencias Basicas y Complementarias,teorico,No,Si,No,No,0,bajo,Si,No,5,100,20,0,20,0.2,20,14,6,3,0,6,0,0,0.7,0.3,0.15,0.0,0.3,0.0,51.55,14.55,66.1,False,True,6,0
S1,1,2667,Tecnicas de Investigacion y Estudio,2,Ciencias Basicas y Complementarias,teorico,No,Si,No,Si,1,medio,Si,No,1,60,45,3,42,0.75,42,27,13,9,5,10,2,0,0.6428571428571429,0.30952380952380953,0.21428571428571427,0.5555555555555556,0.23809523809523808,0.15625,50.38095238095238,15.125,64.78571428571429,False,True,10,10
S1,1,2795,Matematica de Computo 1,3,Ciencias de la Computacion,teorico,No,Si,Si,Si,3,medio,Si,No,1,60,50,1,49,0.8333333333333334,49,31,16,10,6,12,2,0,0.6326530612244898,0.32653061224489793,0.20408163265306123,0.6,0.24489795918367346,0.16216216216216217,49.83673469387755,15.787234042553191,64.9795918367347,False,False,12,12
S1,1,2796,Introduccion a la Programacion y Computacion 1,3,Desarrollo de Software,mixto,Si,Si,Si,Si,4,alto,Si,No,1,100,99,9,90,0.99,88,39,41,30,12,37,8,2,0.4431818181818182,0.4659090909090909,0.3409090909090909,0.4,0.4111111111111111,0.22641509433962265,45.64772727272727,14.725,59.03409090909091,False,True,37,37
S1,1,2797,Logica de Sistemas,3,Metodologia de Sistemas,mixto,No,Si,Si,Si,3,medio,Si,No,1,60,48,2,46,0.8,46,28,16,11,6,12,2,0,0.6086956521739131,0.34782608695652173,0.2391304347826087,0.5454545454545454,0.2608695652173913,0.17647058823529413,48.130434782608695,16.272727272727273,63.69565217391305,False,False,12,12
S1,1,2800,Introduccion a la Programacion y Computacion 2,4,Desarrollo de Software,mixto,Si,Si,Si,Si,5,alto,Si,No,1,30,21,1,20,0.7,19,9,9,7,3,7,1,1,0.47368421052631576,0.47368421052631576,0.3684210526315789,0.42857142857142855,0.35,0.23076923076923078,45.0,15.055555555555555,59.26315789473684,False,True,7,7
S1,1,2802,Analisis Probabilistico,5,Metodologia de Sistemas,mixto,No,Si,Si,Si,2,medio,Si,No,1,45,26,1,25,0.5777777777777777,25,15,9,5,3,7,1,0,0.6,0.36,0.2,0.6,0.28,0.16666666666666666,47.4,17.875,64.56,False,False,7,7
S1,1,2803,Organizacion de Lenguajes y Compiladores 1,5,Ciencias de la Computacion,mixto,Si,Si,Si,Si,5,alto,Si,No,1,20,15,2,13,0.75,12,7,5,5,3,2,0,1,0.5833333333333334,0.4166666666666667,0.4166666666666667,0.6,0.15384615384615385,0.2727272727272727,48.75,14.083333333333334,62.833333333333336,False,True,2,2
S1,1,2804,Organizacion Computacional,5,Ciencias de la Computacion,mixto,No,Si,No,No,0,bajo,Si,No,1,30,18,0,18,0.6,18,11,6,4,2,5,1,0,0.6111111111111112,0.3333333333333333,0.2222222222222222,0.5,0.2777777777777778,0.15384615384615385,51.388888888888886,17.705882352941178,68.11111111111111,False,False,5,0
S1,1,2805,Estructura de Datos,5,Desarrollo de Software,teorico,No,Si,Si,Si,3,medio,Si,No,1,30,19,1,18,0.6333333333333333,18,9,8,4,2,7,1,0,0.5,0.4444444444444444,0.2222222222222222,0.5,0.3888888888888889,0.18181818181818182,50.77777777777778,13.235294117647058,63.27777777777778,False,False,7,7
S1,1,2807,Practica Inicial TI,5,EPS,practico,No,Si,Si,Si,2,medio,Si,No,1,30,22,3,19,0.7333333333333333,19,11,7,4,3,5,1,0,0.5789473684210527,0.3684210526315789,0.21052631578947367,0.75,0.2631578947368421,0.21428571428571427,44.10526315789474,15.777777777777779,59.05263157894737,False,False,5,5
S1,1,2813,Teoria de Sistemas 2,7,Metodologia de Sistemas,mixto,No,Si,Si,Si,4,alto,Si,No,1,45,28,2,26,0.6222222222222222,26,16,9,7,3,7,1,0,0.6153846153846154,0.34615384615384615,0.2692307692307692,0.42857142857142855,0.2692307692307692,0.15789473684210525,49.26923076923077,16.6,65.23076923076923,False,False,7,7
S1,1,2814,Sistemas Operativos 1,7,Ciencias de la Computacion,mixto,No,Si,Si,Si,2,medio,Si,No,1,45,27,1,26,0.6,26,13,11,6,3,10,2,0,0.5,0.4230769230769231,0.23076923076923078,0.5,0.38461538461538464,0.1875,45.84615384615385,15.291666666666666,59.96153846153846,False,False,10,10
S1,1,2815,Arquitectura de Computadores y Ensambladores 2,7,Ciencias de la Computacion,mixto,No,Si,No,No,0,bajo,Si,No,1,20,13,0,13,0.65,13,8,5,3,2,3,0,0,0.6153846153846154,0.38461538461538464,0.23076923076923078,0.6666666666666666,0.23076923076923078,0.2,46.15384615384615,16.307692307692307,62.46153846153846,False,False,3,0
S1,1,2816,Redes de Computadoras 1,7,Ciencias de la Computacion,mixto,Si,Si,No,Si,1,medio,Si,No,1,45,27,3,24,0.6,24,12,10,8,3,9,2,0,0.5,0.4166666666666667,0.3333333333333333,0.375,0.375,0.2,47.416666666666664,15.090909090909092,61.25,False,True,9,9
S1,1,2817,Sistemas de Bases de Datos 1,7,Desarrollo de Software,mixto,No,Si,Si,Si,2,medio,Si,No,1,45,30,2,28,0.6666666666666666,28,14,12,10,3,11,2,0,0.5,0.42857142857142855,0.35714285714285715,0.3,0.39285714285714285,0.17647058823529413,47.25,15.615384615384615,61.75,False,False,11,11
S1,1,2818,Practica Intemedia TI,7,EPS,practico,No,Si,No,Si,1,medio,Si,No,1,45,28,1,27,0.6222222222222222,27,16,10,7,3,8,1,0,0.5925925925925926,0.37037037037037035,0.25925925925925924,0.42857142857142855,0.2962962962962963,0.15789473684210525,53.666666666666664,12.5,65.70370370370371,False,False,8,8
S1,1,2825,Sistemas Organizacionales y Gerenciales 1,9,Metodologia de Sistemas,mixto,No,Si,No,Si,1,medio,Si,No,1,20,15,1,14,0.75,14,9,5,4,2,3,0,0,0.6428571428571429,0.35714285714285715,0.2857142857142857,0.5,0.21428571428571427,0.18181818181818182,47.285714285714285,17.5,64.78571428571429,False,False,3,3
S1,1,2826,Inteligencia Artificial 1,9,Ciencias de la Computacion,teorico,No,Si,No,Si,1,medio,Si,No,1,20,13,0,13,0.65,13,8,5,4,2,3,0,0,0.6153846153846154,0.38461538461538464,0.3076923076923077,0.5,0.23076923076923078,0.2,51.69230769230769,13.615384615384615,65.3076923076923,False,False,3,3
S1,1,2827,Analisis y Diseño de Sistemas 2,9,Desarrollo de Software,mixto,No,Si,Si,Si,3,medio,Si,No,1,20,13,2,11,0.65,11,5,5,5,3,3,1,0,0.45454545454545453,0.45454545454545453,0.45454545454545453,0.6,0.2727272727272727,0.375,49.27272727272727,12.5,60.63636363636363,False,False,3,3
S1,1,2828,Seminario de Sistemas 2,9,Desarrollo de Software,practico,No,Si,No,Si,1,medio,Si,No,1,20,7,0,7,0.35,5,3,2,0,0,2,0,2,0.6,0.4,0.0,,0.2857142857142857,0.0,51.4,19.0,70.4,False,False,2,2
S1,1,2829,Practica Final,9,EPS,practico,No,Si,No,No,0,bajo,Si,No,1,20,5,0,5,0.25,5,3,2,0,0,2,0,0,0.6,0.4,0.0,,0.4,0.0,48.8,16.6,65.4,False,True,2,0
S1,1,290,Matematica Intermedia 1,3,Ciencias Basicas y Complementarias,teorico,No,Si,Si,Si,5,alto,Si,No,4,130,81,2,79,0.6230769230769231,79,50,26,20,9,20,3,0,0.6329113924050633,0.3291139240506329,0.25316455696202533,0.45,0.25316455696202533,0.15254237288135594,49.265822784810126,15.460526315789474,64.13924050632912,True,True,0,0
S1,1,291,Matematica Intermedia 2,4,Ciencias Basicas y Complementarias,teorico,No,Si,Si,Si,2,medio,Si,No,2,50,27,2,25,0.54,25,16,8,6,3,6,1,0,0.64,0.32,0.24,0.5,0.24,0.15789473684210525,47.76,17.625,64.68,True,True,0,0
S1,1,292,Matematica Intermedia 3,4,Ciencias Basicas y Complementarias,teorico,No,Si,Si,Si,3,medio,Si,No,2,40,25,3,22,0.625,22,14,8,5,2,6,0,0,0.6363636363636364,0.36363636363636365,0.22727272727272727,0.4,0.2727272727272727,0.125,51.59090909090909,12.045454545454545,63.63636363636363,True,True,0,0
S1,1,670,Ingenieria Electrica 1,6,Ciencias Basicas y Complementarias,teorico,No,No,No,No,0,bajo,Si,No,1,20,9,0,9,0.45,9,6,3,1,1,2,0,0,0.6666666666666666,0.3333333333333333,0.1111111111111111,1.0,0.2222222222222222,0.14285714285714285,53.333333333333336,11.444444444444445,64.77777777777777,False,True,2,0
S1,1,673,Matematica Aplicada 1,5,Ciencias Basicas y Complementarias,teorico,No,Si,Si,Si,3,medio,Si,No,1,20,7,0,7,0.35,7,4,3,3,1,2,0,0,0.5714285714285714,0.42857142857142855,0.42857142857142855,0.3333333333333333,0.2857142857142857,0.2,44.0,17.142857142857142,61.142857142857146,True,True,0,0
S1,1,674,Matematica Aplicada 3,5,Ciencias Basicas y Complementarias,teorico,No,Si,No,Si,1,medio,Si,No,1,20,10,1,9,0.5,9,6,3,3,1,2,0,0,0.6666666666666666,0.3333333333333333,0.3333333333333333,0.3333333333333333,0.2222222222222222,0.14285714285714285,47.666666666666664,15.777777777777779,63.44444444444444,True,True,0,0
S1,1,685,Investigacion de Operaciones 1,6,Metodologia de Sistemas,teorico,No,Si,Si,Si,3,medio,Si,No,1,20,10,2,8,0.5,8,5,3,1,1,2,0,0,0.625,0.375,0.125,1.0,0.25,0.16666666666666666,53.375,10.875,64.25,True,True,0,0
S1,1,690,Ingenieria Economica 1,8,Ciencias Basicas y Complementarias,teorico,No,No,Si,Si,2,medio,Si,No,1,30,22,2,20,0.7333333333333333,20,13,6,5,3,4,1,0,0.65,0.3,0.25,0.6,0.2,0.1875,47.0,18.105263157894736,64.2,True,True,0,0
S1,1,694,Contabilidad 1,5,Ciencias Basicas y Complementarias,teorico,No,No,No,Si,1,medio,Si,No,1,20,9,0,9,0.45,9,6,3,3,1,2,0,0,0.6666666666666666,0.3333333333333333,0.3333333333333333,0.3333333333333333,0.2222222222222222,0.14285714285714285,48.44444444444444,15.444444444444445,63.888888888888886,False,True,2,2
S1,1,779,Contabilidad 2,6,Ciencias Basicas y Complementarias,teorico,No,No,No,Si,1,medio,Si,No,1,20,1,0,1,0.05,1,1,0,0,0,0,0,0,1.0,0.0,0.0,,0.0,0.0,64.0,4.0,68.0,False,True,0,0
S1,1,795,Investigacion de Operaciones 2,7,Metodologia de Sistemas,teorico,No,Si,No,Si,1,medio,Si,No,1,20,12,0,12,0.6,12,8,4,3,1,3,0,0,0.6666666666666666,0.3333333333333333,0.25,0.3333333333333333,0.25,0.1111111111111111,49.333333333333336,13.583333333333334,62.916666666666664,False,True,3,3
S1,1,909,Preparacion y Evaluacion de Proyectos 1,10,Ciencias Basicas y Complementarias,practico,No,No,No,No,0,bajo,Si,No,1,20,8,0,8,0.4,8,5,3,2,1,2,0,0,0.625,0.375,0.25,0.5,0.25,0.16666666666666666,50.375,16.875,67.25,True,True,0,0
S1,1,912,Planeamiento,10,Ciencias Basicas y Complementarias,teorico,No,No,No,No,0,bajo,Si,No,1,20,1,0,1,0.05,1,1,0,0,0,0,0,0,1.0,0.0,0.0,,0.0,0.0,48.0,14.0,62.0,True,True,0,0
S1,1,919,Contabilidad 3,7,Ciencias Basicas y Complementarias,teorico,No,No,No,No,0,bajo,Si,No,1,20,8,2,6,0.4,6,4,2,0,0,2,0,0,0.6666666666666666,0.3333333333333333,0.0,,0.3333333333333333,0.0,46.166666666666664,15.5,61.666666666666664,False,True,2,0
S1,1,943,Administracion de Empresas 1,7,Desarrollo de Software,teorico,No,No,No,No,0,bajo,Si,No,1,20,1,0,1,0.05,1,1,0,0,0,0,0,0,1.0,0.0,0.0,,0.0,0.0,59.0,5.0,64.0,False,True,0,0
S1,1,949,Estadistica 1,4,Metodologia de Sistemas,teorico,No,Si,Si,Si,6,alto,Si,No,1,45,29,1,28,0.6444444444444445,28,17,10,8,3,8,1,0,0.6071428571428571,0.35714285714285715,0.2857142857142857,0.375,0.2857142857142857,0.15,47.464285714285715,15.518518518518519,62.42857142857143,True,True,0,0
S1,1,950,Estadistica 2,7,Metodologia de Sistemas,teorico,No,No,No,No,0,bajo,Si,No,1,20,5,0,5,0.25,5,3,2,1,0,2,0,0,0.6,0.4,0.2,0.0,0.4,0.0,49.0,14.2,63.2,False,True,2,0
V1,2,094,Ecologia,5,Ciencias Basicas y Complementarias,teorico,No,No,No,Si,1,medio,Si,No,1,20,6,0,6,0.3,6,4,2,0,0,2,0,0,0.6666666666666666,0.3333333333333333,0.0,,0.3333333333333333,0.0,51.833333333333336,13.833333333333334,65.66666666666667,True,True,0,0
V1,2,146,Fisica 1,3,Ciencias Basicas y Complementarias,teorico,Si,Si,No,Si,1,medio,Si,No,1,30,16,2,14,0.5333333333333333,14,8,5,0,0,6,1,0,0.5714285714285714,0.35714285714285715,0.0,,0.42857142857142855,0.0,46.5,18.307692307692307,63.5,True,True,0,0
V1,2,147,Fisica 2,4,Ciencias Basicas y Complementarias,teorico,Si,Si,Si,Si,3,medio,Si,No,2,40,24,1,23,0.6,23,14,7,0,0,9,2,0,0.6086956521739131,0.30434782608695654,0.0,,0.391304347826087,0.0,47.130434782608695,15.095238095238095,60.91304347826087,True,True,0,0
V1,2,169,Matematica Basica 1,1,Ciencias Basicas y Complementarias,teorico,No,Si,Si,Si,2,medio,Si,No,3,90,64,1,63,0.7111111111111111,63,40,20,0,0,23,3,0,0.6349206349206349,0.31746031746031744,0.0,,0.36507936507936506,0.0,48.80952380952381,15.85,63.904761904761905,True,True,0,0
V1,2,170,Matematica Basica 2,2,Ciencias Basicas y Complementarias,teorico,No,Si,Si,Si,6,alto,Si,No,1,30,18,0,18,0.6,18,11,6,0,0,7,1,0,0.6111111111111112,0.3333333333333333,0.0,,0.3888888888888889,0.0,50.27777777777778,16.058823529411764,65.44444444444444,True,True,0,0
V1,2,2835,Modelacion y Simulacion 2,10,Metodologia de Sistemas,teorico,No,Si,No,No,0,bajo,Si,No,1,20,9,3,6,0.45,6,3,2,0,0,3,1,0,0.5,0.3333333333333333,0.0,,0.5,0.0,44.666666666666664,16.2,58.166666666666664,False,False,3,0
V1,2,2837,Seminario de Investigacion,10,Ciencias Basicas y Complementarias,practico,No,Si,No,No,0,bajo,Si,No,1,20,8,0,8,0.4,8,5,2,0,0,3,1,0,0.625,0.25,0.0,,0.375,0.0,50.625,14.0,62.875,True,True,0,0
V1,2,290,Matematica Intermedia 1,3,Ciencias Basicas y Complementarias,teorico,No,Si,Si,Si,5,alto,Si,No,2,60,36,1,35,0.6,35,21,12,0,0,14,2,0,0.6,0.34285714285714286,0.0,,0.4,0.0,49.0,17.727272727272727,65.71428571428571,True,True,0,0
V1,2,291,Matematica Intermedia 2,4,Ciencias Basicas y Complementarias,teorico,No,Si,Si,Si,2,medio,Si,No,1,20,12,0,12,0.6,12,8,3,0,0,4,1,0,0.6666666666666666,0.25,0.0,,0.3333333333333333,0.0,51.166666666666664,13.727272727272727,63.75,True,True,0,0
V1,2,292,Matematica Intermedia 3,4,Ciencias Basicas y Complementarias,teorico,No,Si,Si,Si,3,medio,Si,No,1,20,10,0,10,0.5,10,6,3,0,0,4,1,0,0.6,0.3,0.0,,0.4,0.0,46.3,15.11111111111111,59.9,True,True,0,0
V1,2,673,Matematica Aplicada 1,5,Ciencias Basicas y Complementarias,teorico,No,Si,Si,Si,3,medio,Si,No,1,20,8,0,8,0.4,8,5,3,0,0,3,0,0,0.625,0.375,0.0,,0.375,0.0,50.0,9.875,59.875,True,True,0,0
V1,2,674,Matematica Aplicada 3,5,Ciencias Basicas y Complementarias,teorico,No,Si,No,Si,1,medio,Si,No,1,20,8,0,8,0.4,8,5,3,0,0,3,0,0,0.625,0.375,0.0,,0.375,0.0,46.875,15.0,61.875,True,True,0,0
V1,2,685,Investigacion de Operaciones 1,6,Metodologia de Sistemas,teorico,No,Si,Si,Si,3,medio,Si,No,1,20,8,0,8,0.4,8,5,3,0,0,3,0,0,0.625,0.375,0.0,,0.375,0.0,55.625,18.0,73.625,True,True,0,0
V1,2,690,Ingenieria Economica 1,8,Ciencias Basicas y Complementarias,teorico,No,No,Si,Si,2,medio,Si,No,1,20,10,1,9,0.5,9,6,3,0,0,3,0,0,0.6666666666666666,0.3333333333333333,0.0,,0.3333333333333333,0.0,47.22222222222222,16.88888888888889,64.11111111111111,True,True,0,0
V1,2,909,Preparacion y Evaluacion de Proyectos 1,10,Ciencias Basicas y Complementarias,practico,No,No,No,No,0,bajo,Si,No,1,20,6,1,5,0.3,5,3,2,0,0,2,0,0,0.6,0.4,0.0,,0.4,0.0,55.8,7.6,63.4,False,True,2,0
V1,2,912,Planeamiento,10,Ciencias Basicas y Complementarias,teorico,No,No,No,No,0,bajo,Si,No,1,20,4,0,4,0.2,4,3,1,0,0,1,0,0,0.75,0.25,0.0,,0.25,0.0,46.75,19.0,65.75,True,True,0,0
V1,2,949,Estadistica 1,4,Metodologia de Sistemas,teorico,No,Si,Si,Si,6,alto,Si,No,1,20,12,0,12,0.6,12,7,4,0,0,5,1,0,0.5833333333333334,0.3333333333333333,0.0,,0.4166666666666667,0.0,51.0,13.636363636363637,63.5,True,True,0,0
S2,3,029,Social Humanistica 2,2,Ciencias Basicas y Complementarias,teorico,No,Si,Si,Si,2,medio,Si,No,4,80,35,3,32,0.4375,32,21,11,6,3,8,0,0,0.65625,0.34375,0.1875,0.5,0.25,0.125,45.46875,17.90625,63.375,False,False,8,8
S2,3,072,Fisica Basica,2,Ciencias Basicas y Complementarias,teorico,Si,Si,No,Si,1,medio,Si,No,3,95,56,2,54,0.5894736842105263,54,33,19,15,6,15,2,0,0.6111111111111112,0.35185185185185186,0.2777777777777778,0.4,0.2777777777777778,0.15384615384615385,48.629629629629626,14.596153846153847,62.68518518518518,False,False,15,15
S2,3,085,Logica,4,Ciencias Basicas y Complementarias,teorico,No,No,No,No,0,bajo,Si,No,1,45,28,1,27,0.6222222222222222,27,17,9,7,3,7,1,0,0.6296296296296297,0.3333333333333333,0.25925925925925924,0.42857142857142855,0.25925925925925924,0.15,52.22222222222222,15.423076923076923,67.07407407407408,False,False,7,0
S2,3,094,Ecologia,5,Ciencias Basicas y Complementarias,teorico,No,No,No,Si,1,medio,Si,No,1,20,8,0,8,0.4,8,5,3,2,1,2,0,0,0.625,0.375,0.25,0.5,0.25,0.16666666666666666,49.0,15.375,64.375,True,True,0,0
S2,3,146,Fisica 1,3,Ciencias Basicas y Complementarias,teorico,Si,Si,No,Si,1,medio,Si,No,3,70,45,4,41,0.6428571428571429,41,24,15,9,5,12,2,0,0.5853658536585366,0.36585365853658536,0.21951219512195122,0.5555555555555556,0.2926829268292683,0.1724137931034483,50.21951219512195,14.948717948717949,64.4390243902439,True,True,0,0
S2,3,147,Fisica 2,4,Ciencias Basicas y Complementarias,teorico,Si,Si,Si,Si,3,medio,Si,No,2,50,34,0,34,0.68,34,20,12,11,4,10,2,0,0.5882352941176471,0.35294117647058826,0.3235294117647059,0.36363636363636365,0.29411764705882354,0.16666666666666666,47.294117647058826,15.4375,61.8235294117647,True,True,0,0
S2,3,169,Matematica Basica 1,1,Ciencias Basicas y Complementarias,teorico,No,Si,Si,Si,2,medio,Si,No,4,115,80,1,79,0.6956521739130435,79,49,27,18,10,20,3,0,0.620253164556962,0.34177215189873417,0.22784810126582278,0.5555555555555556,0.25316455696202533,0.1694915254237288,48.45569620253165,16.460526315789473,64.29113924050633,True,True,0,0
S2,3,170,Matematica Basica 2,2,Ciencias Basicas y Complementarias,teorico,No,Si,Si,Si,6,alto,Si,No,3,80,52,1,51,0.65,51,32,17,12,6,13,2,0,0.6274509803921569,0.3333333333333333,0.23529411764705882,0.5,0.2549019607843137,0.15789473684210525,48.94117647058823,16.408163265306122,64.70588235294117,True,True,0,0
S2,3,178,Deportes 2,2,Ciencias Basicas y Complementarias,teorico,No,No,No,No,0,bajo,Si,No,3,60,10,1,9,0.16666666666666666,9,6,3,2,0,3,0,0,0.6666666666666666,0.3333333333333333,0.2222222222222222,0.0,0.3333333333333333,0.0,44.55555555555556,18.444444444444443,63.0,False,False,3,0
S2,3,216,Quimica 1,1,Ciencias Basicas y Complementarias,teorico,Si,Si,No,Si,1,medio,Si,No,4,80,20,0,20,0.25,20,12,8,6,1,7,0,0,0.6,0.4,0.3,0.16666666666666666,0.35,0.07692307692307693,51.45,14.7,66.15,False,False,7,7
S2,3,2570,Etica Profesional,9,Ciencias Basicas y Complementarias,teorico,No,No,No,No,0,bajo,Si,No,1,20,12,1,11,0.6,11,7,4,1,1,3,0,0,0.6363636363636364,0.36363636363636365,0.09090909090909091,1.0,0.2727272727272727,0.125,51.81818181818182,10.454545454545455,62.27272727272727,False,False,3,0
S2,3,2666,Orientacion y Liderazgo,1,Ciencias Basicas y Complementarias,teorico,No,Si,No,No,0,bajo,Si,No,1,20,10,0,10,0.5,10,6,4,4,1,3,0,0,0.6,0.4,0.4,0.25,0.3,0.14285714285714285,48.8,13.5,62.3,False,False,3,0
S2,3,2667,Tecnicas de Investigacion y Estudio,2,Ciencias Basicas y Complementarias,teorico,No,Si,No,Si,1,medio,Si,No,4,90,45,3,42,0.5,42,27,14,11,5,10,1,0,0.6428571428571429,0.3333333333333333,0.2619047619047619,0.45454545454545453,0.23809523809523808,0.15625,47.857142857142854,17.073170731707318,64.52380952380952,False,False,10,10
S2,3,2796,Introduccion a la Programacion y Computacion 1,3,Desarrollo de Software,mixto,Si,Si,Si,Si,4,alto,Si,No,1,60,58,1,57,0.9666666666666667,56,24,27,16,7,25,5,1,0.42857142857142855,0.48214285714285715,0.2857142857142857,0.4375,0.43859649122807015,0.21875,47.357142857142854,12.941176470588236,59.142857142857146,False,False,25,25
S2,3,2798,Lenguajes Formales y de Programacion,4,Ciencias de la Computacion,mixto,Si,Si,Si,Si,3,medio,Si,No,1,45,36,2,34,0.8,34,17,15,12,4,13,2,0,0.5,0.4411764705882353,0.35294117647058826,0.3333333333333333,0.38235294117647056,0.19047619047619047,48.44117647058823,14.3125,61.911764705882355,False,False,13,13
S2,3,2799,Matematica de Computo 2,4,Ciencias de la Computacion,teorico,No,Si,Si,Si,3,medio,Si,No,1,45,32,2,30,0.7111111111111111,30,19,10,7,3,8,1,0,0.6333333333333333,0.3333333333333333,0.23333333333333334,0.42857142857142855,0.26666666666666666,0.13636363636363635,49.56666666666667,17.79310344827586,66.76666666666667,False,False,8,8
S2,3,2800,Introduccion a la Programacion y Computacion 2,4,Desarrollo de Software,mixto,Si,Si,Si,Si,5,alto,Si,No,1,30,19,4,15,0.6333333333333333,14,6,7,4,2,6,1,1,0.42857142857142855,0.5,0.2857142857142857,0.5,0.4,0.2222222222222222,44.57142857142857,17.076923076923077,60.42857142857143,False,False,6,6
S2,3,2803,Organizacion de Lenguajes y Compiladores 1,5,Ciencias de la Computacion,mixto,Si,Si,Si,Si,5,alto,Si,No,1,30,16,0,16,0.5333333333333333,15,7,7,7,2,6,1,1,0.4666666666666667,0.4666666666666667,0.4666666666666667,0.2857142857142857,0.375,0.2,47.666666666666664,14.0,60.733333333333334,False,False,6,6
S2,3,2808,Teoria de Sistemas 1,6,Metodologia de Sistemas,mixto,No,Si,Si,Si,2,medio,Si,No,1,30,20,3,17,0.6666666666666666,17,11,5,4,2,4,1,0,0.6470588235294118,0.29411764705882354,0.23529411764705882,0.5,0.23529411764705882,0.15384615384615385,49.705882352941174,14.875,63.705882352941174,False,False,4,4
S2,3,2809,Economia,6,Metodologia de Sistemas,teorico,No,Si,No,No,0,bajo,Si,No,1,45,26,0,26,0.5777777777777777,26,17,8,6,3,6,1,0,0.6538461538461539,0.3076923076923077,0.23076923076923078,0.5,0.23076923076923078,0.15,51.15384615384615,15.36,65.92307692307692,False,False,6,0
S2,3,2810,Organizacion de Lenguajes y Compiladores 2,6,Ciencias de la Computacion,mixto,Si,Si,No,Si,1,medio,Si,No,1,30,16,1,15,0.5333333333333333,13,7,5,5,3,3,1,2,0.5384615384615384,0.38461538461538464,0.38461538461538464,0.6,0.2,0.25,47.15384615384615,16.166666666666668,62.07692307692308,False,False,3,3
S2,3,2811,Arquitectura de Computadores y Ensambladores 1,6,Ciencias de la Computacion,mixto,No,Si,Si,Si,5,alto,Si,No,1,30,24,0,24,0.8,24,14,9,7,3,7,1,0,0.5833333333333334,0.375,0.2916666666666667,0.42857142857142855,0.2916666666666667,0.17647058823529413,47.75,16.869565217391305,63.916666666666664,False,False,7,7
S2,3,2812,Manejo e Implementacion de Archivos,6,Desarrollo de Software,teorico,No,Si,Si,Si,3,medio,Si,No,1,30,22,4,18,0.7333333333333333,18,9,8,4,3,6,1,0,0.5,0.4444444444444444,0.2222222222222222,0.75,0.3333333333333333,0.25,49.05555555555556,13.470588235294118,61.77777777777778,False,False,6,6
S2,3,2819,Sistemas Operativos 2,8,Ciencias de la Computacion,mixto,No,Si,No,No,0,bajo,Si,No,1,45,26,2,24,0.5777777777777777,24,12,10,9,3,9,2,0,0.5,0.4166666666666667,0.375,0.3333333333333333,0.375,0.2,46.625,15.454545454545455,60.791666666666664,False,False,9,0
S2,3,2820,Redes de Computadoras 2,8,Ciencias de la Computacion,mixto,Si,Si,No,Si,1,medio,Si,No,1,30,18,1,17,0.6,17,9,7,3,2,6,1,0,0.5294117647058824,0.4117647058823529,0.17647058823529413,0.6666666666666666,0.35294117647058826,0.18181818181818182,45.8235294117647,16.25,61.11764705882353,False,False,6,6
S2,3,2821,Sistemas de Bases de Datos 2,8,Desarrollo de Software,mixto,No,Si,Si,Si,2,medio,Si,No,1,20,11,1,10,0.55,10,5,4,3,1,4,1,0,0.5,0.4,0.3,0.3333333333333333,0.4,0.16666666666666666,44.7,15.88888888888889,59.0,False,False,4,4
S2,3,2822,Analisis y Diseño de Sistemas 1,8,Desarrollo de Software,mixto,No,Si,Si,Si,3,medio,Si,No,1,30,18,0,18,0.6,18,9,8,7,3,6,1,0,0.5,0.4444444444444444,0.3888888888888889,0.42857142857142855,0.3333333333333333,0.25,46.05555555555556,15.823529411764707,61.0,True,True,0,0
S2,3,2823,Seminario de Sistemas 1,8,Desarrollo de Software,practico,No,Si,No,Si,1,medio,Si,No,1,30,17,3,14,0.5666666666666667,14,8,5,3,2,4,1,0,0.5714285714285714,0.35714285714285715,0.21428571428571427,0.6666666666666666,0.2857142857142857,0.2,50.92857142857143,13.538461538461538,63.5,False,False,4,4
S2,3,2829,Practica Final,9,EPS,practico,No,Si,No,No,0,bajo,Si,No,1,20,10,0,10,0.5,10,6,3,2,1,3,1,0,0.6,0.3,0.2,0.5,0.3,0.14285714285714285,48.5,17.333333333333332,64.1,False,False,3,0
S2,3,2834,Sistemas Organizacionales y Gerenciales 2,10,Metodologia de Sistemas,mixto,No,Si,No,No,0,bajo,Si,No,1,20,15,2,13,0.75,13,8,5,2,2,3,0,0,0.6153846153846154,0.38461538461538464,0.15384615384615385,1.0,0.23076923076923078,0.2,51.07692307692308,17.46153846153846,68.53846153846153,False,False,3,0
S2,3,2836,Software Avanzado,10,Desarrollo de Software,mixto,Si,Si,No,No,0,bajo,Si,No,1,20,14,0,14,0.7,14,8,5,3,2,4,1,0,0.5714285714285714,0.35714285714285715,0.21428571428571427,0.6666666666666666,0.2857142857142857,0.2,45.142857142857146,15.692307692307692,59.714285714285715,False,False,4,0
S2,3,2837,Seminario de Investigacion,10,Ciencias Basicas y Complementarias,practico,No,Si,No,No,0,bajo,Si,No,1,20,13,1,12,0.65,12,7,4,3,1,4,1,0,0.5833333333333334,0.3333333333333333,0.25,0.3333333333333333,0.3333333333333333,0.125,51.25,13.545454545454545,63.666666666666664,False,False,4,0
S2,3,290,Matematica Intermedia 1,3,Ciencias Basicas y Complementarias,teorico,No,Si,Si,Si,5,alto,Si,No,4,125,81,6,75,0.648,75,45,27,21,9,21,3,0,0.6,0.36,0.28,0.42857142857142855,0.28,0.16666666666666666,49.84,14.152777777777779,63.42666666666667,True,True,0,0
S2,3,291,Matematica Intermedia 2,4,Ciencias Basicas y Complementarias,teorico,No,Si,Si,Si,2,medio,Si,No,2,50,26,2,24,0.52,24,15,8,7,3,6,1,0,0.625,0.3333333333333333,0.2916666666666667,0.42857142857142855,0.25,0.16666666666666666,47.791666666666664,14.565217391304348,61.75,True,True,0,0
S2,3,292,Matematica Intermedia 3,4,Ciencias Basicas y Complementarias,teorico,No,Si,Si,Si,3,medio,Si,No,2,40,22,1,21,0.55,21,14,7,4,2,5,0,0,0.6666666666666666,0.3333333333333333,0.19047619047619047,0.5,0.23809523809523808,0.125,53.333333333333336,14.142857142857142,67.47619047619048,True,True,0,0
S2,3,670,Ingenieria Electrica 1,6,Ciencias Basicas y Complementarias,teorico,No,No,No,No,0,bajo,Si,No,1,20,9,0,9,0.45,9,6,3,2,1,2,0,0,0.6666666666666666,0.3333333333333333,0.2222222222222222,0.5,0.2222222222222222,0.14285714285714285,47.0,16.333333333333332,63.333333333333336,False,False,2,0
S2,3,673,Matematica Aplicada 1,5,Ciencias Basicas y Complementarias,teorico,No,Si,Si,Si,3,medio,Si,No,1,20,9,0,9,0.45,9,6,3,2,1,2,0,0,0.6666666666666666,0.3333333333333333,0.2222222222222222,0.5,0.2222222222222222,0.14285714285714285,48.44444444444444,14.444444444444445,62.888888888888886,True,True,0,0
S2,3,674,Matematica Aplicada 3,5,Ciencias Basicas y Complementarias,teorico,No,Si,No,Si,1,medio,Si,No,1,20,10,0,10,0.5,10,6,4,3,1,3,0,0,0.6,0.4,0.3,0.3333333333333333,0.3,0.14285714285714285,51.1,12.4,63.5,False,False,3,3
S2,3,685,Investigacion de Operaciones 1,6,Metodologia de Sistemas,teorico,No,Si,Si,Si,3,medio,Si,No,1,20,10,2,8,0.5,8,5,3,2,1,2,0,0,0.625,0.375,0.25,0.5,0.25,0.16666666666666666,50.375,17.25,67.625,False,False,2,2
S2,3,690,Ingenieria Economica 1,8,Ciencias Basicas y Complementarias,teorico,No,No,Si,Si,2,medio,Si,No,1,30,22,1,21,0.7333333333333333,21,14,6,4,3,4,1,0,0.6666666666666666,0.2857142857142857,0.19047619047619047,0.75,0.19047619047619047,0.17647058823529413,48.04761904761905,17.95,65.14285714285714,True,True,0,0
S2,3,694,Contabilidad 1,5,Ciencias Basicas y Complementarias,teorico,No,No,No,Si,1,medio,Si,No,1,20,9,0,9,0.45,9,6,3,1,1,2,0,0,0.6666666666666666,0.3333333333333333,0.1111111111111111,1.0,0.2222222222222222,0.14285714285714285,51.22222222222222,13.88888888888889,65.11111111111111,True,True,0,0
S2,3,779,Contabilidad 2,6,Ciencias Basicas y Complementarias,teorico,No,No,No,Si,1,medio,Si,No,1,20,3,0,3,0.15,3,2,1,1,0,1,0,0,0.6666666666666666,0.3333333333333333,0.3333333333333333,0.0,0.3333333333333333,0.0,52.0,10.333333333333334,62.333333333333336,False,False,1,1
S2,3,795,Investigacion de Operaciones 2,7,Metodologia de Sistemas,teorico,No,Si,No,Si,1,medio,Si,No,1,20,12,2,10,0.6,10,7,3,1,1,2,0,0,0.7,0.3,0.1,1.0,0.2,0.125,47.6,15.3,62.9,False,False,2,2
S2,3,912,Planeamiento,10,Ciencias Basicas y Complementarias,teorico,No,No,No,No,0,bajo,Si,No,1,20,4,0,4,0.2,4,3,1,1,0,1,0,0,0.75,0.25,0.25,0.0,0.25,0.0,44.75,23.75,68.5,True,True,0,0
S2,3,919,Contabilidad 3,7,Ciencias Basicas y Complementarias,teorico,No,No,No,No,0,bajo,Si,No,1,20,6,0,6,0.3,6,4,2,0,0,2,0,0,0.6666666666666666,0.3333333333333333,0.0,,0.3333333333333333,0.0,49.666666666666664,10.333333333333334,60.0,False,False,2,0
S2,3,943,Administracion de Empresas 1,7,Desarrollo de Software,teorico,No,No,No,No,0,bajo,Si,No,1,20,5,0,5,0.25,5,3,2,1,0,2,0,0,0.6,0.4,0.2,0.0,0.4,0.0,52.4,17.2,69.6,True,True,0,0
S2,3,949,Estadistica 1,4,Metodologia de Sistemas,teorico,No,Si,Si,Si,6,alto,Si,No,2,50,28,2,26,0.56,26,16,9,8,3,7,1,0,0.6153846153846154,0.34615384615384615,0.3076923076923077,0.375,0.2692307692307692,0.15789473684210525,46.92307692307692,14.36,60.73076923076923,False,False,7,7
S2,3,950,Estadistica 2,7,Metodologia de Sistemas,teorico,No,No,No,No,0,bajo,Si,No,1,20,5,0,5,0.25,5,3,2,0,0,2,0,0,0.6,0.4,0.0,,0.4,0.0,47.4,20.2,67.6,False,False,2,0
V2,4,094,Ecologia,5,Ciencias Basicas y Complementarias,teorico,No,No,No,Si,1,medio,Si,No,1,20,6,0,6,0.3,6,4,2,0,0,2,0,0,0.6666666666666666,0.3333333333333333,0.0,,0.3333333333333333,0.0,45.666666666666664,18.833333333333332,64.5,False,False,2,2
V2,4,146,Fisica 1,3,Ciencias Basicas y Complementarias,teorico,Si,Si,No,Si,1,medio,Si,No,1,30,16,0,16,0.5333333333333333,16,9,6,0,0,7,1,0,0.5625,0.375,0.0,,0.4375,0.0,49.5625,15.0,63.625,False,False,7,7
V2,4,147,Fisica 2,4,Ciencias Basicas y Complementarias,teorico,Si,Si,Si,Si,3,medio,Si,No,1,20,14,0,14,0.7,14,8,5,0,0,6,1,0,0.5714285714285714,0.35714285714285715,0.0,,0.42857142857142855,0.0,49.785714285714285,17.692307692307693,66.21428571428571,False,False,6,6
V2,4,169,Matematica Basica 1,1,Ciencias Basicas y Complementarias,teorico,No,Si,Si,Si,2,medio,Si,No,1,45,30,1,29,0.6666666666666666,29,18,9,0,0,11,2,0,0.6206896551724138,0.3103448275862069,0.0,,0.3793103448275862,0.0,46.96551724137931,16.22222222222222,62.06896551724138,False,False,11,11
V2,4,170,Matematica Basica 2,2,Ciencias Basicas y Complementarias,teorico,No,Si,Si,Si,6,alto,Si,No,1,30,20,0,20,0.6666666666666666,20,12,7,0,0,8,1,0,0.6,0.35,0.0,,0.4,0.0,50.5,13.210526315789474,63.05,False,False,8,8
V2,4,2816,Redes de Computadoras 1,7,Ciencias de la Computacion,mixto,Si,Si,No,Si,1,medio,Si,No,1,20,12,0,12,0.6,12,6,5,0,0,6,1,0,0.5,0.4166666666666667,0.0,,0.5,0.0,44.833333333333336,19.09090909090909,62.333333333333336,False,False,6,6
V2,4,2822,Analisis y Diseño de Sistemas 1,8,Desarrollo de Software,mixto,No,Si,Si,Si,3,medio,Si,No,1,20,10,1,9,0.5,9,5,3,0,0,4,1,0,0.5555555555555556,0.3333333333333333,0.0,,0.4444444444444444,0.0,42.666666666666664,17.75,58.44444444444444,False,False,4,4
V2,4,290,Matematica Intermedia 1,3,Ciencias Basicas y Complementarias,teorico,No,Si,Si,Si,5,alto,Si,No,1,30,24,2,22,0.8,22,13,8,0,0,9,1,0,0.5909090909090909,0.36363636363636365,0.0,,0.4090909090909091,0.0,46.90909090909091,15.761904761904763,61.95454545454545,False,False,9,9
V2,4,291,Matematica Intermedia 2,4,Ciencias Basicas y Complementarias,teorico,No,Si,Si,Si,2,medio,Si,No,1,20,12,0,12,0.6,12,8,3,0,0,4,1,0,0.6666666666666666,0.25,0.0,,0.3333333333333333,0.0,50.75,17.272727272727273,66.58333333333333,False,False,4,4
V2,4,292,Matematica Intermedia 3,4,Ciencias Basicas y Complementarias,teorico,No,Si,Si,Si,3,medio,Si,No,1,20,10,1,9,0.5,9,6,3,0,0,3,0,0,0.6666666666666666,0.3333333333333333,0.0,,0.3333333333333333,0.0,52.888888888888886,15.444444444444445,68.33333333333333,False,False,3,3
V2,4,673,Matematica Aplicada 1,5,Ciencias Basicas y Complementarias,teorico,No,Si,Si,Si,3,medio,Si,No,1,20,8,0,8,0.4,8,5,3,0,0,3,0,0,0.625,0.375,0.0,,0.375,0.0,48.125,17.625,65.75,False,False,3,3
V2,4,690,Ingenieria Economica 1,8,Ciencias Basicas y Complementarias,teorico,No,No,Si,Si,2,medio,Si,No,1,20,8,0,8,0.4,8,5,3,0,0,3,0,0,0.625,0.375,0.0,,0.375,0.0,49.25,14.875,64.125,False,False,3,3
V2,4,694,Contabilidad 1,5,Ciencias Basicas y Complementarias,teorico,No,No,No,Si,1,medio,Si,No,1,20,7,0,7,0.35,7,4,3,0,0,3,0,0,0.5714285714285714,0.42857142857142855,0.0,,0.42857142857142855,0.0,42.857142857142854,16.428571428571427,59.285714285714285,False,False,3,3
V2,4,909,Preparacion y Evaluacion de Proyectos 1,10,Ciencias Basicas y Complementarias,practico,No,No,No,No,0,bajo,Si,No,1,20,6,0,6,0.3,6,4,2,0,0,2,0,0,0.6666666666666666,0.3333333333333333,0.0,,0.3333333333333333,0.0,48.0,19.0,67.0,False,False,2,0
V2,4,912,Planeamiento,10,Ciencias Basicas y Complementarias,teorico,No,No,No,No,0,bajo,Si,No,1,20,4,0,4,0.2,4,3,1,0,0,1,0,0,0.75,0.25,0.0,,0.25,0.0,43.5,23.75,67.25,False,False,1,0
V2,4,943,Administracion de Empresas 1,7,Desarrollo de Software,teorico,No,No,No,No,0,bajo,Si,No,1,20,5,1,4,0.25,4,3,1,0,0,1,0,0,0.75,0.25,0.0,,0.25,0.0,50.5,13.5,64.0,False,False,1,0
