modelo,modelo_nombre,target,target_descripcion,variable,tipo_importancia,importancia,importancia_relativa_top
logistic_regression,Regresion logistica,necesito_recuperacion,Necesidad observada de recuperacion,codigo_curso,valor_absoluto_coeficiente,22.5124974233232,0.6251842543128275
logistic_regression,Regresion logistica,necesito_recuperacion,Necesidad observada de recuperacion,periodo_academico,valor_absoluto_coeficiente,8.330610457808463,0.2313455672687787
logistic_regression,Regresion logistica,necesito_recuperacion,Necesidad observada de recuperacion,zona_ordinaria,valor_absoluto_coeficiente,1.024165243895207,0.0284416238792942
logistic_regression,Regresion logistica,necesito_recuperacion,Necesidad observada de recuperacion,area_academica,valor_absoluto_coeficiente,0.5549073434039562,0.0154100776637647
logistic_regression,Regresion logistica,necesito_recuperacion,Necesidad observada de recuperacion,curso_obligatorio,valor_absoluto_coeficiente,0.5549073434039479,0.0154100776637645
logistic_regression,Regresion logistica,necesito_recuperacion,Necesidad observada de recuperacion,componente_practico,valor_absoluto_coeficiente,0.5549073434038952,0.015410077663763
logistic_regression,Regresion logistica,necesito_recuperacion,Necesidad observada de recuperacion,tipo_curso_configurado,valor_absoluto_coeficiente,0.5549073434038574,0.015410077663762
logistic_regression,Regresion logistica,necesito_recuperacion,Necesidad observada de recuperacion,nivel_bloqueo_curricular,valor_absoluto_coeficiente,0.5549073434038452,0.0154100776637616
logistic_regression,Regresion logistica,necesito_recuperacion,Necesidad observada de recuperacion,requiere_laboratorio,valor_absoluto_coeficiente,0.5549073434038128,0.0154100776637607
logistic_regression,Regresion logistica,necesito_recuperacion,Necesidad observada de recuperacion,curso_base,valor_absoluto_coeficiente,0.5549073434037792,0.0154100776637598
logistic_regression,Regresion logistica,necesito_recuperacion,Necesidad observada de recuperacion,cantidad_cursos_dependientes,valor_absoluto_coeficiente,0.1937054713138694,0.005379305918952
logistic_regression,Regresion logistica,necesito_recuperacion,Necesidad observada de recuperacion,cupo_ofertado_oferta,valor_absoluto_coeficiente,0.0300295414495276,0.0008339366408557
logistic_regression,Regresion logistica,necesito_recuperacion,Necesidad observada de recuperacion,semestre_pensum,valor_absoluto_coeficiente,0.0189432234377325,0.0005260635813301
logistic_regression,Regresion logistica,necesito_recuperacion,Necesidad observada de recuperacion,tasa_ocupacion_cupo,valor_absoluto_coeficiente,0.0086494926615184,0.0002402010988871
logistic_regression,Regresion logistica,necesito_recuperacion,Necesidad observada de recuperacion,cohorte_ingreso,valor_absoluto_coeficiente,0.0064278058741693,0.0001785036527376
logistic_regression,Regresion logistica,perdida_definitiva,Perdida definitiva observada,codigo_curso,valor_absoluto_coeficiente,17.42919515686771,0.8000761271514669
logistic_regression,Regresion logistica,perdida_definitiva,Perdida definitiva observada,periodo_academico,valor_absoluto_coeficiente,1.3046033357010771,0.0598869870296515
logistic_regression,Regresion logistica,perdida_definitiva,Perdida definitiva observada,zona_ordinaria,valor_absoluto_coeficiente,1.0884648978746445,0.0499652894005673
logistic_regression,Regresion logistica,perdida_definitiva,Perdida definitiva observada,area_academica,valor_absoluto_coeficiente,0.5450270923521855,0.0250191223012347
logistic_regression,Regresion logistica,perdida_definitiva,Perdida definitiva observada,curso_obligatorio,valor_absoluto_coeficiente,0.339658371841791,0.0155918017012204
logistic_regression,Regresion logistica,perdida_definitiva,Perdida definitiva observada,componente_practico,valor_absoluto_coeficiente,0.3133126041883116,0.0143824159802324
logistic_regression,Regresion logistica,perdida_definitiva,Perdida definitiva observada,tipo_curso_configurado,valor_absoluto_coeficiente,0.2517976558165268,0.0115586113689319
logistic_regression,Regresion logistica,perdida_definitiva,Perdida definitiva observada,tasa_ocupacion_cupo,valor_absoluto_coeficiente,0.1096364276994539,0.0050327905378887
logistic_regression,Regresion logistica,perdida_definitiva,Perdida definitiva observada,nivel_bloqueo_curricular,valor_absoluto_coeficiente,0.1093406412078364,0.005019212646968
logistic_regression,Regresion logistica,perdida_definitiva,Perdida definitiva observada,semestre_pensum,valor_absoluto_coeficiente,0.0991376146361445,0.0045508491963765
logistic_regression,Regresion logistica,perdida_definitiva,Perdida definitiva observada,curso_base,valor_absoluto_coeficiente,0.0889099742305184,0.0040813558633807
logistic_regression,Regresion logistica,perdida_definitiva,Perdida definitiva observada,cupo_ofertado_oferta,valor_absoluto_coeficiente,0.0389924876453951,0.0017899253650296
logistic_regression,Regresion logistica,perdida_definitiva,Perdida definitiva observada,requiere_laboratorio,valor_absoluto_coeficiente,0.0296298585734521,0.0013601398275784
logistic_regression,Regresion logistica,perdida_definitiva,Perdida definitiva observada,cohorte_ingreso,valor_absoluto_coeficiente,0.0201897584530971,0.0009267980308839
logistic_regression,Regresion logistica,perdida_definitiva,Perdida definitiva observada,cantidad_cursos_dependientes,valor_absoluto_coeficiente,0.0165250866035947,0.0007585735985885
logistic_regression,Regresion logistica,riesgo_retraso_potencial,Riesgo de retraso academico potencial,codigo_curso,valor_absoluto_coeficiente,34.37573519195751,0.6110655316605149
logistic_regression,Regresion logistica,riesgo_retraso_potencial,Riesgo de retraso academico potencial,periodo_academico,valor_absoluto_coeficiente,7.091317374701415,0.1260557657181153
logistic_regression,Regresion logistica,riesgo_retraso_potencial,Riesgo de retraso academico potencial,nivel_bloqueo_curricular,valor_absoluto_coeficiente,5.578307779679604,0.0991603987557304
logistic_regression,Regresion logistica,riesgo_retraso_potencial,Riesgo de retraso academico potencial,area_academica,valor_absoluto_coeficiente,3.975982004789455,0.0706773409808477
logistic_regression,Regresion logistica,riesgo_retraso_potencial,Riesgo de retraso academico potencial,curso_base,valor_absoluto_coeficiente,1.2334792168056443,0.0219264149319453
logistic_regression,Regresion logistica,riesgo_retraso_potencial,Riesgo de retraso academico potencial,zona_ordinaria,valor_absoluto_coeficiente,0.9449882269523664,0.0167981784270514
logistic_regression,Regresion logistica,riesgo_retraso_potencial,Riesgo de retraso academico potencial,curso_obligatorio,valor_absoluto_coeficiente,0.6439706948576495,0.0114472692097955
logistic_regression,Regresion logistica,riesgo_retraso_potencial,Riesgo de retraso academico potencial,componente_practico,valor_absoluto_coeficiente,0.5871327106564207,0.0104369131304131
logistic_regression,Regresion logistica,riesgo_retraso_potencial,Riesgo de retraso academico potencial,tipo_curso_configurado,valor_absoluto_coeficiente,0.5871327106563813,0.0104369131304123
logistic_regression,Regresion logistica,riesgo_retraso_potencial,Riesgo de retraso academico potencial,semestre_pensum,valor_absoluto_coeficiente,0.4397070803286069,0.0078162645632304
logistic_regression,Regresion logistica,riesgo_retraso_potencial,Riesgo de retraso academico potencial,cohorte_ingreso,valor_absoluto_coeficiente,0.383766064112829,0.0068218530510216
logistic_regression,Regresion logistica,riesgo_retraso_potencial,Riesgo de retraso academico potencial,requiere_laboratorio,valor_absoluto_coeficiente,0.2735707413883043,0.0048630130992024
logistic_regression,Regresion logistica,riesgo_retraso_potencial,Riesgo de retraso academico potencial,cupo_ofertado_oferta,valor_absoluto_coeficiente,0.0844211392669612,0.0015006762200571
logistic_regression,Regresion logistica,riesgo_retraso_potencial,Riesgo de retraso academico potencial,tasa_ocupacion_cupo,valor_absoluto_coeficiente,0.0350614544447903,0.000623254926228
logistic_regression,Regresion logistica,riesgo_retraso_potencial,Riesgo de retraso academico potencial,cantidad_cursos_dependientes,valor_absoluto_coeficiente,0.0208264347041228,0.0003702121954338
logistic_regression,Regresion logistica,riesgo_retraso_potencial_amplio,Riesgo potencial amplio,codigo_curso,valor_absoluto_coeficiente,47.64001307439801,0.7786780407731098
logistic_regression,Regresion logistica,riesgo_retraso_potencial_amplio,Riesgo potencial amplio,periodo_academico,valor_absoluto_coeficiente,5.865592449657526,0.0958733581693204
logistic_regression,Regresion logistica,riesgo_retraso_potencial_amplio,Riesgo potencial amplio,area_academica,valor_absoluto_coeficiente,2.8701550594580696,0.0469128065713084
logistic_regression,Regresion logistica,riesgo_retraso_potencial_amplio,Riesgo potencial amplio,zona_ordinaria,valor_absoluto_coeficiente,0.9338108774120768,0.0152631785247477
logistic_regression,Regresion logistica,riesgo_retraso_potencial_amplio,Riesgo potencial amplio,curso_base,valor_absoluto_coeficiente,0.6083832007311941,0.0099440493025226
logistic_regression,Regresion logistica,riesgo_retraso_potencial_amplio,Riesgo potencial amplio,cantidad_cursos_dependientes,valor_absoluto_coeficiente,0.6008726839088026,0.0098212895854898
logistic_regression,Regresion logistica,riesgo_retraso_potencial_amplio,Riesgo potencial amplio,componente_practico,valor_absoluto_coeficiente,0.571507066278732,0.0093413073158257
logistic_regression,Regresion logistica,riesgo_retraso_potencial_amplio,Riesgo potencial amplio,tipo_curso_configurado,valor_absoluto_coeficiente,0.5029352456565164,0.0082204979900398
logistic_regression,Regresion logistica,riesgo_retraso_potencial_amplio,Riesgo potencial amplio,requiere_laboratorio,valor_absoluto_coeficiente,0.4097032599532222,0.0066966172167189
logistic_regression,Regresion logistica,riesgo_retraso_potencial_amplio,Riesgo potencial amplio,nivel_bloqueo_curricular,valor_absoluto_coeficiente,0.3411661260880017,0.0055763748474519
logistic_regression,Regresion logistica,riesgo_retraso_potencial_amplio,Riesgo potencial amplio,semestre_pensum,valor_absoluto_coeficiente,0.2617345617186861,0.0042780625480399
logistic_regression,Regresion logistica,riesgo_retraso_potencial_amplio,Riesgo potencial amplio,cohorte_ingreso,valor_absoluto_coeficiente,0.1991952267337881,0.0032558544566768
logistic_regression,Regresion logistica,riesgo_retraso_potencial_amplio,Riesgo potencial amplio,curso_obligatorio,valor_absoluto_coeficiente,0.1842958796382068,0.0030123239944356
logistic_regression,Regresion logistica,riesgo_retraso_potencial_amplio,Riesgo potencial amplio,cupo_ofertado_oferta,valor_absoluto_coeficiente,0.1111029363498496,0.0018159822220437
logistic_regression,Regresion logistica,riesgo_retraso_potencial_amplio,Riesgo potencial amplio,tasa_ocupacion_cupo,valor_absoluto_coeficiente,0.0801623170008855,0.0013102564822684
decision_tree,Arbol de decision,necesito_recuperacion,Necesidad observada de recuperacion,zona_ordinaria,importancia_gini,0.6594401481667498,0.6594401481667498
decision_tree,Arbol de decision,necesito_recuperacion,Necesidad observada de recuperacion,periodo_academico,importancia_gini,0.3214841649741828,0.3214841649741828
decision_tree,Arbol de decision,necesito_recuperacion,Necesidad observada de recuperacion,tasa_ocupacion_cupo,importancia_gini,0.0092593282806664,0.0092593282806664
decision_tree,Arbol de decision,necesito_recuperacion,Necesidad observada de recuperacion,componente_practico,importancia_gini,0.0075079309157206,0.0075079309157206
decision_tree,Arbol de decision,necesito_recuperacion,Necesidad observada de recuperacion,tipo_curso_configurado,importancia_gini,0.001722458900221,0.001722458900221
decision_tree,Arbol de decision,necesito_recuperacion,Necesidad observada de recuperacion,area_academica,importancia_gini,0.0005859687624592,0.0005859687624592
decision_tree,Arbol de decision,necesito_recuperacion,Necesidad observada de recuperacion,cantidad_cursos_dependientes,importancia_gini,0.0,0.0
decision_tree,Arbol de decision,necesito_recuperacion,Necesidad observada de recuperacion,curso_base,importancia_gini,0.0,0.0
decision_tree,Arbol de decision,necesito_recuperacion,Necesidad observada de recuperacion,cupo_ofertado_oferta,importancia_gini,0.0,0.0
decision_tree,Arbol de decision,necesito_recuperacion,Necesidad observada de recuperacion,cohorte_ingreso,importancia_gini,0.0,0.0
decision_tree,Arbol de decision,necesito_recuperacion,Necesidad observada de recuperacion,codigo_curso,importancia_gini,0.0,0.0
decision_tree,Arbol de decision,necesito_recuperacion,Necesidad observada de recuperacion,requiere_laboratorio,importancia_gini,0.0,0.0
decision_tree,Arbol de decision,necesito_recuperacion,Necesidad observada de recuperacion,nivel_bloqueo_curricular,importancia_gini,0.0,0.0
decision_tree,Arbol de decision,necesito_recuperacion,Necesidad observada de recuperacion,curso_obligatorio,importancia_gini,0.0,0.0
decision_tree,Arbol de decision,necesito_recuperacion,Necesidad observada de recuperacion,semestre_pensum,importancia_gini,0.0,0.0
decision_tree,Arbol de decision,perdida_definitiva,Perdida definitiva observada,zona_ordinaria,importancia_gini,0.906363806261314,0.906363806261314
decision_tree,Arbol de decision,perdida_definitiva,Perdida definitiva observada,periodo_academico,importancia_gini,0.0360404151944432,0.0360404151944432
decision_tree,Arbol de decision,perdida_definitiva,Perdida definitiva observada,tasa_ocupacion_cupo,importancia_gini,0.0309930391230633,0.0309930391230633
decision_tree,Arbol de decision,perdida_definitiva,Perdida definitiva observada,area_academica,importancia_gini,0.0179668290944353,0.0179668290944353
decision_tree,Arbol de decision,perdida_definitiva,Perdida definitiva observada,componente_practico,importancia_gini,0.0076758948222606,0.0076758948222606
decision_tree,Arbol de decision,perdida_definitiva,Perdida definitiva observada,tipo_curso_configurado,importancia_gini,0.0008876400307458,0.0008876400307458
decision_tree,Arbol de decision,perdida_definitiva,Perdida definitiva observada,cantidad_cursos_dependientes,importancia_gini,7.237547373659837e-05,7.237547373659838e-05
decision_tree,Arbol de decision,perdida_definitiva,Perdida definitiva observada,requiere_laboratorio,importancia_gini,7.806529665542359e-16,7.80652966554236e-16
decision_tree,Arbol de decision,perdida_definitiva,Perdida definitiva observada,semestre_pensum,importancia_gini,1.6861394124134595e-16,1.68613941241346e-16
decision_tree,Arbol de decision,perdida_definitiva,Perdida definitiva observada,cohorte_ingreso,importancia_gini,0.0,0.0
decision_tree,Arbol de decision,perdida_definitiva,Perdida definitiva observada,codigo_curso,importancia_gini,0.0,0.0
decision_tree,Arbol de decision,perdida_definitiva,Perdida definitiva observada,curso_base,importancia_gini,0.0,0.0
decision_tree,Arbol de decision,perdida_definitiva,Perdida definitiva observada,cupo_ofertado_oferta,importancia_gini,0.0,0.0
decision_tree,Arbol de decision,perdida_definitiva,Perdida definitiva observada,curso_obligatorio,importancia_gini,0.0,0.0
decision_tree,Arbol de decision,perdida_definitiva,Perdida definitiva observada,nivel_bloqueo_curricular,importancia_gini,0.0,0.0
decision_tree,Arbol de decision,riesgo_retraso_potencial,Riesgo de retraso academico potencial,zona_ordinaria,importancia_gini,0.2792490687898993,0.2792490687898992
decision_tree,Arbol de decision,riesgo_retraso_potencial,Riesgo de retraso academico potencial,curso_base,importancia_gini,0.2127241558024772,0.2127241558024771
decision_tree,Arbol de decision,riesgo_retraso_potencial,Riesgo de retraso academico potencial,nivel_bloqueo_curricular,importancia_gini,0.1736087121710727,0.1736087121710727
decision_tree,Arbol de decision,riesgo_retraso_potencial,Riesgo de retraso academico potencial,area_academica,importancia_gini,0.1286688566169374,0.1286688566169374
decision_tree,Arbol de decision,riesgo_retraso_potencial,Riesgo de retraso academico potencial,periodo_academico,importancia_gini,0.1105629047727036,0.1105629047727036
decision_tree,Arbol de decision,riesgo_retraso_potencial,Riesgo de retraso academico potencial,semestre_pensum,importancia_gini,0.0618119941668626,0.0618119941668626
decision_tree,Arbol de decision,riesgo_retraso_potencial,Riesgo de retraso academico potencial,codigo_curso,importancia_gini,0.0189724988531053,0.0189724988531053
decision_tree,Arbol de decision,riesgo_retraso_potencial,Riesgo de retraso academico potencial,cupo_ofertado_oferta,importancia_gini,0.0108322108820172,0.0108322108820172
decision_tree,Arbol de decision,riesgo_retraso_potencial,Riesgo de retraso academico potencial,tasa_ocupacion_cupo,importancia_gini,0.0027935485751939,0.0027935485751939
decision_tree,Arbol de decision,riesgo_retraso_potencial,Riesgo de retraso academico potencial,componente_practico,importancia_gini,0.0007760493697303,0.0007760493697303
decision_tree,Arbol de decision,riesgo_retraso_potencial,Riesgo de retraso academico potencial,cantidad_cursos_dependientes,importancia_gini,0.0,0.0
decision_tree,Arbol de decision,riesgo_retraso_potencial,Riesgo de retraso academico potencial,cohorte_ingreso,importancia_gini,0.0,0.0
decision_tree,Arbol de decision,riesgo_retraso_potencial,Riesgo de retraso academico potencial,curso_obligatorio,importancia_gini,0.0,0.0
decision_tree,Arbol de decision,riesgo_retraso_potencial,Riesgo de retraso academico potencial,requiere_laboratorio,importancia_gini,0.0,0.0
decision_tree,Arbol de decision,riesgo_retraso_potencial,Riesgo de retraso academico potencial,tipo_curso_configurado,importancia_gini,0.0,0.0
decision_tree,Arbol de decision,riesgo_retraso_potencial_amplio,Riesgo potencial amplio,zona_ordinaria,importancia_gini,0.4011414698128111,0.4011414698128111
decision_tree,Arbol de decision,riesgo_retraso_potencial_amplio,Riesgo potencial amplio,periodo_academico,importancia_gini,0.2312783781465631,0.2312783781465631
decision_tree,Arbol de decision,riesgo_retraso_potencial_amplio,Riesgo potencial amplio,curso_base,importancia_gini,0.1524072188111687,0.1524072188111687
decision_tree,Arbol de decision,riesgo_retraso_potencial_amplio,Riesgo potencial amplio,area_academica,importancia_gini,0.1351305538890388,0.1351305538890388
decision_tree,Arbol de decision,riesgo_retraso_potencial_amplio,Riesgo potencial amplio,tasa_ocupacion_cupo,importancia_gini,0.0262348276757466,0.0262348276757466
decision_tree,Arbol de decision,riesgo_retraso_potencial_amplio,Riesgo potencial amplio,codigo_curso,importancia_gini,0.0247950947895288,0.0247950947895288
decision_tree,Arbol de decision,riesgo_retraso_potencial_amplio,Riesgo potencial amplio,cantidad_cursos_dependientes,importancia_gini,0.0245858537112032,0.0245858537112032
decision_tree,Arbol de decision,riesgo_retraso_potencial_amplio,Riesgo potencial amplio,componente_practico,importancia_gini,0.0044266031639393,0.0044266031639393
decision_tree,Arbol de decision,riesgo_retraso_potencial_amplio,Riesgo potencial amplio,cohorte_ingreso,importancia_gini,0.0,0.0
decision_tree,Arbol de decision,riesgo_retraso_potencial_amplio,Riesgo potencial amplio,cupo_ofertado_oferta,importancia_gini,0.0,0.0
decision_tree,Arbol de decision,riesgo_retraso_potencial_amplio,Riesgo potencial amplio,curso_obligatorio,importancia_gini,0.0,0.0
decision_tree,Arbol de decision,riesgo_retraso_potencial_amplio,Riesgo potencial amplio,requiere_laboratorio,importancia_gini,0.0,0.0
decision_tree,Arbol de decision,riesgo_retraso_potencial_amplio,Riesgo potencial amplio,nivel_bloqueo_curricular,importancia_gini,0.0,0.0
decision_tree,Arbol de decision,riesgo_retraso_potencial_amplio,Riesgo potencial amplio,semestre_pensum,importancia_gini,0.0,0.0
decision_tree,Arbol de decision,riesgo_retraso_potencial_amplio,Riesgo potencial amplio,tipo_curso_configurado,importancia_gini,0.0,0.0
random_forest,Random Forest,necesito_recuperacion,Necesidad observada de recuperacion,zona_ordinaria,importancia_gini_promedio,0.461084251468854,0.461084251468854
random_forest,Random Forest,necesito_recuperacion,Necesidad observada de recuperacion,periodo_academico,importancia_gini_promedio,0.2605762448396839,0.2605762448396839
random_forest,Random Forest,necesito_recuperacion,Necesidad observada de recuperacion,tasa_ocupacion_cupo,importancia_gini_promedio,0.04569726809353435,0.04569726809353435
random_forest,Random Forest,necesito_recuperacion,Necesidad observada de recuperacion,codigo_curso,importancia_gini_promedio,0.042291788210197835,0.042291788210197835
random_forest,Random Forest,necesito_recuperacion,Necesidad observada de recuperacion,cupo_ofertado_oferta,importancia_gini_promedio,0.025131790806952457,0.025131790806952457
random_forest,Random Forest,necesito_recuperacion,Necesidad observada de recuperacion,cohorte_ingreso,importancia_gini_promedio,0.024000710108293327,0.024000710108293327
random_forest,Random Forest,necesito_recuperacion,Necesidad observada de recuperacion,tipo_curso_configurado,importancia_gini_promedio,0.02353116273236399,0.02353116273236399
random_forest,Random Forest,necesito_recuperacion,Necesidad observada de recuperacion,area_academica,importancia_gini_promedio,0.023311135222954388,0.023311135222954388
random_forest,Random Forest,necesito_recuperacion,Necesidad observada de recuperacion,semestre_pensum,importancia_gini_promedio,0.020041915921889798,0.020041915921889798
random_forest,Random Forest,necesito_recuperacion,Necesidad observada de recuperacion,componente_practico,importancia_gini_promedio,0.015911163854912803,0.015911163854912803
random_forest,Random Forest,necesito_recuperacion,Necesidad observada de recuperacion,requiere_laboratorio,importancia_gini_promedio,0.01508718759893234,0.01508718759893234
random_forest,Random Forest,necesito_recuperacion,Necesidad observada de recuperacion,cantidad_cursos_dependientes,importancia_gini_promedio,0.012863073874522561,0.012863073874522561
random_forest,Random Forest,necesito_recuperacion,Necesidad observada de recuperacion,nivel_bloqueo_curricular,importancia_gini_promedio,0.011188505581069822,0.011188505581069822
random_forest,Random Forest,necesito_recuperacion,Necesidad observada de recuperacion,curso_base,importancia_gini_promedio,0.009952321394179531,0.009952321394179531
random_forest,Random Forest,necesito_recuperacion,Necesidad observada de recuperacion,curso_obligatorio,importancia_gini_promedio,0.009331480291658912,0.009331480291658912
random_forest,Random Forest,perdida_definitiva,Perdida definitiva observada,zona_ordinaria,importancia_gini_promedio,0.6526263309157172,0.6526263309157172
random_forest,Random Forest,perdida_definitiva,Perdida definitiva observada,codigo_curso,importancia_gini_promedio,0.06403415103569021,0.06403415103569021
random_forest,Random Forest,perdida_definitiva,Perdida definitiva observada,periodo_academico,importancia_gini_promedio,0.06180581750502802,0.06180581750502802
random_forest,Random Forest,perdida_definitiva,Perdida definitiva observada,tasa_ocupacion_cupo,importancia_gini_promedio,0.04046428098713365,0.04046428098713365
random_forest,Random Forest,perdida_definitiva,Perdida definitiva observada,area_academica,importancia_gini_promedio,0.02716134370987986,0.02716134370987986
random_forest,Random Forest,perdida_definitiva,Perdida definitiva observada,cohorte_ingreso,importancia_gini_promedio,0.02442259681982078,0.02442259681982078
random_forest,Random Forest,perdida_definitiva,Perdida definitiva observada,semestre_pensum,importancia_gini_promedio,0.02184713197065516,0.02184713197065516
random_forest,Random Forest,perdida_definitiva,Perdida definitiva observada,cupo_ofertado_oferta,importancia_gini_promedio,0.018254307575991016,0.018254307575991016
random_forest,Random Forest,perdida_definitiva,Perdida definitiva observada,requiere_laboratorio,importancia_gini_promedio,0.017135715677570933,0.017135715677570933
random_forest,Random Forest,perdida_definitiva,Perdida definitiva observada,componente_practico,importancia_gini_promedio,0.01672102596508044,0.01672102596508044
random_forest,Random Forest,perdida_definitiva,Perdida definitiva observada,cantidad_cursos_dependientes,importancia_gini_promedio,0.01397213211419033,0.01397213211419033
random_forest,Random Forest,perdida_definitiva,Perdida definitiva observada,nivel_bloqueo_curricular,importancia_gini_promedio,0.01159207159910039,0.01159207159910039
random_forest,Random Forest,perdida_definitiva,Perdida definitiva observada,tipo_curso_configurado,importancia_gini_promedio,0.011279465542586582,0.011279465542586582
random_forest,Random Forest,perdida_definitiva,Perdida definitiva observada,curso_obligatorio,importancia_gini_promedio,0.01069624316114938,0.01069624316114938
random_forest,Random Forest,perdida_definitiva,Perdida definitiva observada,curso_base,importancia_gini_promedio,0.007987385420406112,0.007987385420406112
random_forest,Random Forest,riesgo_retraso_potencial,Riesgo de retraso academico potencial,zona_ordinaria,importancia_gini_promedio,0.16982883586044648,0.1698288358604465
random_forest,Random Forest,riesgo_retraso_potencial,Riesgo de retraso academico potencial,periodo_academico,importancia_gini_promedio,0.1260205801079392,0.12602058010793923
random_forest,Random Forest,riesgo_retraso_potencial,Riesgo de retraso academico potencial,nivel_bloqueo_curricular,importancia_gini_promedio,0.1074118224525619,0.10741182245256191
random_forest,Random Forest,riesgo_retraso_potencial,Riesgo de retraso academico potencial,area_academica,importancia_gini_promedio,0.09568158182758356,0.09568158182758357
random_forest,Random Forest,riesgo_retraso_potencial,Riesgo de retraso academico potencial,cantidad_cursos_dependientes,importancia_gini_promedio,0.08569670937819636,0.08569670937819637
random_forest,Random Forest,riesgo_retraso_potencial,Riesgo de retraso academico potencial,codigo_curso,importancia_gini_promedio,0.08164008176159163,0.08164008176159164
random_forest,Random Forest,riesgo_retraso_potencial,Riesgo de retraso academico potencial,tipo_curso_configurado,importancia_gini_promedio,0.07059560146109685,0.07059560146109686
random_forest,Random Forest,riesgo_retraso_potencial,Riesgo de retraso academico potencial,componente_practico,importancia_gini_promedio,0.06239474049818119,0.062394740498181195
random_forest,Random Forest,riesgo_retraso_potencial,Riesgo de retraso academico potencial,curso_base,importancia_gini_promedio,0.041126693091814576,0.04112669309181458
random_forest,Random Forest,riesgo_retraso_potencial,Riesgo de retraso academico potencial,tasa_ocupacion_cupo,importancia_gini_promedio,0.03899235733582619,0.0389923573358262
random_forest,Random Forest,riesgo_retraso_potencial,Riesgo de retraso academico potencial,semestre_pensum,importancia_gini_promedio,0.029707816445843596,0.0297078164458436
random_forest,Random Forest,riesgo_retraso_potencial,Riesgo de retraso academico potencial,requiere_laboratorio,importancia_gini_promedio,0.02842255784361694,0.028422557843616945
random_forest,Random Forest,riesgo_retraso_potencial,Riesgo de retraso academico potencial,cohorte_ingreso,importancia_gini_promedio,0.025321854093535857,0.02532185409353586
random_forest,Random Forest,riesgo_retraso_potencial,Riesgo de retraso academico potencial,cupo_ofertado_oferta,importancia_gini_promedio,0.01928211811334819,0.019282118113348193
random_forest,Random Forest,riesgo_retraso_potencial,Riesgo de retraso academico potencial,curso_obligatorio,importancia_gini_promedio,0.017876649728417394,0.017876649728417397
random_forest,Random Forest,riesgo_retraso_potencial_amplio,Riesgo potencial amplio,zona_ordinaria,importancia_gini_promedio,0.24362520700377868,0.24362520700377863
random_forest,Random Forest,riesgo_retraso_potencial_amplio,Riesgo potencial amplio,periodo_academico,importancia_gini_promedio,0.13206449814247595,0.13206449814247592
random_forest,Random Forest,riesgo_retraso_potencial_amplio,Riesgo potencial amplio,area_academica,importancia_gini_promedio,0.10324926532466697,0.10324926532466694
random_forest,Random Forest,riesgo_retraso_potencial_amplio,Riesgo potencial amplio,codigo_curso,importancia_gini_promedio,0.09678835759688682,0.0967883575968868
random_forest,Random Forest,riesgo_retraso_potencial_amplio,Riesgo potencial amplio,curso_base,importancia_gini_promedio,0.07198963982286419,0.07198963982286417
random_forest,Random Forest,riesgo_retraso_potencial_amplio,Riesgo potencial amplio,componente_practico,importancia_gini_promedio,0.06644528672483059,0.06644528672483058
random_forest,Random Forest,riesgo_retraso_potencial_amplio,Riesgo potencial amplio,tipo_curso_configurado,importancia_gini_promedio,0.0648160179791023,0.06481601797910229
random_forest,Random Forest,riesgo_retraso_potencial_amplio,Riesgo potencial amplio,cantidad_cursos_dependientes,importancia_gini_promedio,0.049590229579556895,0.04959022957955688
random_forest,Random Forest,riesgo_retraso_potencial_amplio,Riesgo potencial amplio,tasa_ocupacion_cupo,importancia_gini_promedio,0.04365764165444917,0.043657641654449166
random_forest,Random Forest,riesgo_retraso_potencial_amplio,Riesgo potencial amplio,semestre_pensum,importancia_gini_promedio,0.03157879244841292,0.03157879244841291
random_forest,Random Forest,riesgo_retraso_potencial_amplio,Riesgo potencial amplio,nivel_bloqueo_curricular,importancia_gini_promedio,0.02892384881962183,0.028923848819621824
random_forest,Random Forest,riesgo_retraso_potencial_amplio,Riesgo potencial amplio,cohorte_ingreso,importancia_gini_promedio,0.023177966562282548,0.023177966562282545
random_forest,Random Forest,riesgo_retraso_potencial_amplio,Riesgo potencial amplio,cupo_ofertado_oferta,importancia_gini_promedio,0.022793549806819018,0.022793549806819014
random_forest,Random Forest,riesgo_retraso_potencial_amplio,Riesgo potencial amplio,requiere_laboratorio,importancia_gini_promedio,0.014990789649025732,0.014990789649025728
random_forest,Random Forest,riesgo_retraso_potencial_amplio,Riesgo potencial amplio,curso_obligatorio,importancia_gini_promedio,0.006308908885226411,0.006308908885226409
