codigo_curso,nombre_curso,semestre_pensum,area_academica,curso_base,curso_bloqueante,cantidad_cursos_dependientes,nivel_bloqueo_curricular,abierto_S1,abierto_V1,abierto_S2,abierto_V2,cantidad_periodos_abierto,indice_continuidad_oferta,patron_oferta,total_estudiantes_asignados_2024,total_estudiantes_con_nota_2024,total_perdida_definitiva_2024,total_recuperacion_2024,tasa_perdida_definitiva_2024,tasa_recuperacion_2024,estudiantes_sin_oportunidad_inmediata_2024,estudiantes_en_riesgo_retraso_curricular_2024,tasa_ocupacion_promedio_2024,grupo_area,curso_etiqueta
2796,Introduccion a la Programacion y Computacion 1,3,Desarrollo de Software,Si,Si,4,alto,True,False,True,False,2,0.5,oferta_semestral,157.0,147.0,62.0,46.0,0.4305555555555556,0.3194444444444444,62.0,62.0,0.9783333333333332,Area profesional,2796 - Introduccion a la Programacion y Computacion 1
72,Fisica Basica,2,Ciencias Basicas y Complementarias,No,Si,1,medio,True,False,True,False,2,0.5,oferta_semestral,110.0,106.0,30.0,27.0,0.2830188679245283,0.2547169811320754,30.0,30.0,0.6547368421052631,Area comun,72 - Fisica Basica
2667,Tecnicas de Investigacion y Estudio,2,Ciencias Basicas y Complementarias,No,Si,1,medio,True,False,True,False,2,0.5,oferta_semestral,90.0,84.0,20.0,20.0,0.238095238095238,0.238095238095238,20.0,20.0,0.625,Area comun,2667 - Tecnicas de Investigacion y Estudio
216,Quimica 1,1,Ciencias Basicas y Complementarias,No,Si,1,medio,True,False,True,False,2,0.5,oferta_semestral,45.0,45.0,16.0,12.0,0.3555555555555555,0.2666666666666666,16.0,16.0,0.2291666666666666,Area comun,216 - Quimica 1
2816,Redes de Computadoras 1,7,Ciencias de la Computacion,No,Si,1,medio,True,False,False,True,2,0.5,oferta_mixta,39.0,36.0,15.0,8.0,0.4166666666666667,0.2222222222222222,15.0,15.0,0.6,Area profesional,2816 - Redes de Computadoras 1
2798,Lenguajes Formales y de Programacion,4,Ciencias de la Computacion,Si,Si,3,medio,False,False,True,False,1,0.25,oferta_unica,36.0,34.0,13.0,12.0,0.3823529411764705,0.3529411764705882,13.0,13.0,0.8,Area profesional,2798 - Lenguajes Formales y de Programacion
2800,Introduccion a la Programacion y Computacion 2,4,Desarrollo de Software,Si,Si,5,alto,True,False,True,False,2,0.5,oferta_semestral,40.0,35.0,13.0,11.0,0.3939393939393939,0.3333333333333333,13.0,13.0,0.6666666666666666,Area profesional,2800 - Introduccion a la Programacion y Computacion 2
2795,Matematica de Computo 1,3,Ciencias de la Computacion,Si,Si,3,medio,True,False,False,False,1,0.25,oferta_unica,50.0,49.0,12.0,10.0,0.2448979591836734,0.2040816326530612,12.0,12.0,0.8333333333333334,Area profesional,2795 - Matematica de Computo 1
2797,Logica de Sistemas,3,Metodologia de Sistemas,Si,Si,3,medio,True,False,False,False,1,0.25,oferta_unica,48.0,46.0,12.0,11.0,0.2608695652173913,0.2391304347826087,12.0,12.0,0.8,Area profesional,2797 - Logica de Sistemas
2817,Sistemas de Bases de Datos 1,7,Desarrollo de Software,Si,Si,2,medio,True,False,False,False,1,0.25,oferta_unica,30.0,28.0,11.0,10.0,0.3928571428571428,0.3571428571428571,11.0,11.0,0.6666666666666666,Area profesional,2817 - Sistemas de Bases de Datos 1
2814,Sistemas Operativos 1,7,Ciencias de la Computacion,Si,Si,2,medio,True,False,False,False,1,0.25,oferta_unica,27.0,26.0,10.0,6.0,0.3846153846153846,0.2307692307692307,10.0,10.0,0.6,Area profesional,2814 - Sistemas Operativos 1
28,Social Humanistica 1,1,Ciencias Basicas y Complementarias,No,Si,1,medio,True,False,False,False,1,0.25,oferta_unica,25.0,25.0,8.0,6.0,0.32,0.24,8.0,8.0,0.2083333333333333,Area comun,28 - Social Humanistica 1
29,Social Humanistica 2,2,Ciencias Basicas y Complementarias,Si,Si,2,medio,False,False,True,False,1,0.25,oferta_unica,35.0,32.0,8.0,6.0,0.25,0.1875,8.0,8.0,0.4375,Area comun,29 - Social Humanistica 2
2799,Matematica de Computo 2,4,Ciencias de la Computacion,Si,Si,3,medio,False,False,True,False,1,0.25,oferta_unica,32.0,30.0,8.0,7.0,0.2666666666666666,0.2333333333333333,8.0,8.0,0.7111111111111111,Area profesional,2799 - Matematica de Computo 2
2818,Practica Intemedia TI,7,EPS,No,Si,1,medio,True,False,False,False,1,0.25,oferta_unica,28.0,27.0,8.0,7.0,0.2962962962962963,0.2592592592592592,8.0,8.0,0.6222222222222222,Area profesional,2818 - Practica Intemedia TI
2803,Organizacion de Lenguajes y Compiladores 1,5,Ciencias de la Computacion,Si,Si,5,alto,True,False,True,False,2,0.5,oferta_semestral,31.0,29.0,8.0,12.0,0.2962962962962963,0.4444444444444444,8.0,8.0,0.6416666666666666,Area profesional,2803 - Organizacion de Lenguajes y Compiladores 1
2802,Analisis Probabilistico,5,Metodologia de Sistemas,Si,Si,2,medio,True,False,False,False,1,0.25,oferta_unica,26.0,25.0,7.0,5.0,0.28,0.2,7.0,7.0,0.5777777777777777,Area profesional,2802 - Analisis Probabilistico
2805,Estructura de Datos,5,Desarrollo de Software,Si,Si,3,medio,True,False,False,False,1,0.25,oferta_unica,19.0,18.0,7.0,4.0,0.3888888888888889,0.2222222222222222,7.0,7.0,0.6333333333333333,Area profesional,2805 - Estructura de Datos
2811,Arquitectura de Computadores y Ensambladores 1,6,Ciencias de la Computacion,Si,Si,5,alto,False,False,True,False,1,0.25,oferta_unica,24.0,24.0,7.0,7.0,0.2916666666666667,0.2916666666666667,7.0,7.0,0.8,Area profesional,2811 - Arquitectura de Computadores y Ensambladores 1
2813,Teoria de Sistemas 2,7,Metodologia de Sistemas,Si,Si,4,alto,True,False,False,False,1,0.25,oferta_unica,28.0,26.0,7.0,7.0,0.2692307692307692,0.2692307692307692,7.0,7.0,0.6222222222222222,Area profesional,2813 - Teoria de Sistemas 2
2812,Manejo e Implementacion de Archivos,6,Desarrollo de Software,Si,Si,3,medio,False,False,True,False,1,0.25,oferta_unica,22.0,18.0,6.0,4.0,0.3333333333333333,0.2222222222222222,6.0,6.0,0.7333333333333333,Area profesional,2812 - Manejo e Implementacion de Archivos
2820,Redes de Computadoras 2,8,Ciencias de la Computacion,No,Si,1,medio,False,False,True,False,1,0.25,oferta_unica,18.0,17.0,6.0,3.0,0.3529411764705882,0.1764705882352941,6.0,6.0,0.6,Area profesional,2820 - Redes de Computadoras 2
2807,Practica Inicial TI,5,EPS,Si,Si,2,medio,True,False,False,False,1,0.25,oferta_unica,22.0,19.0,5.0,4.0,0.2631578947368421,0.2105263157894736,5.0,5.0,0.7333333333333333,Area profesional,2807 - Practica Inicial TI
795,Investigacion de Operaciones 2,7,Metodologia de Sistemas,No,Si,1,medio,True,False,True,False,2,0.5,oferta_semestral,24.0,22.0,5.0,4.0,0.2272727272727272,0.1818181818181818,5.0,5.0,0.6,Area profesional,795 - Investigacion de Operaciones 2
2822,Analisis y Diseño de Sistemas 1,8,Desarrollo de Software,Si,Si,3,medio,False,False,True,True,2,0.5,oferta_mixta,28.0,27.0,10.0,7.0,0.3703703703703703,0.2592592592592592,4.0,4.0,0.55,Area profesional,2822 - Analisis y Diseño de Sistemas 1
2808,Teoria de Sistemas 1,6,Metodologia de Sistemas,Si,Si,2,medio,False,False,True,False,1,0.25,oferta_unica,20.0,17.0,4.0,4.0,0.2352941176470588,0.2352941176470588,4.0,4.0,0.6666666666666666,Area profesional,2808 - Teoria de Sistemas 1
2821,Sistemas de Bases de Datos 2,8,Desarrollo de Software,Si,Si,2,medio,False,False,True,False,1,0.25,oferta_unica,11.0,10.0,4.0,3.0,0.4,0.3,4.0,4.0,0.55,Area profesional,2821 - Sistemas de Bases de Datos 2
2823,Seminario de Sistemas 1,8,Desarrollo de Software,No,Si,1,medio,False,False,True,False,1,0.25,oferta_unica,17.0,14.0,4.0,3.0,0.2857142857142857,0.2142857142857142,4.0,4.0,0.5666666666666667,Area profesional,2823 - Seminario de Sistemas 1
177,Deportes 1,1,Ciencias Basicas y Complementarias,No,Si,1,medio,True,False,False,False,1,0.25,oferta_unica,11.0,11.0,3.0,0.0,0.2727272727272727,0.0,3.0,3.0,0.1375,Area comun,177 - Deportes 1
2810,Organizacion de Lenguajes y Compiladores 2,6,Ciencias de la Computacion,No,Si,1,medio,False,False,True,False,1,0.25,oferta_unica,16.0,15.0,3.0,5.0,0.2307692307692307,0.3846153846153846,3.0,3.0,0.5333333333333333,Area profesional,2810 - Organizacion de Lenguajes y Compiladores 2
2825,Sistemas Organizacionales y Gerenciales 1,9,Metodologia de Sistemas,No,Si,1,medio,True,False,False,False,1,0.25,oferta_unica,15.0,14.0,3.0,4.0,0.2142857142857142,0.2857142857142857,3.0,3.0,0.75,Area profesional,2825 - Sistemas Organizacionales y Gerenciales 1
2826,Inteligencia Artificial 1,9,Ciencias de la Computacion,No,Si,1,medio,True,False,False,False,1,0.25,oferta_unica,13.0,13.0,3.0,4.0,0.2307692307692307,0.3076923076923077,3.0,3.0,0.65,Area profesional,2826 - Inteligencia Artificial 1
2827,Analisis y Diseño de Sistemas 2,9,Desarrollo de Software,Si,Si,3,medio,True,False,False,False,1,0.25,oferta_unica,13.0,11.0,3.0,5.0,0.2727272727272727,0.4545454545454545,3.0,3.0,0.65,Area profesional,2827 - Analisis y Diseño de Sistemas 2
2828,Seminario de Sistemas 2,9,Desarrollo de Software,No,Si,1,medio,True,False,False,False,1,0.25,oferta_unica,7.0,7.0,2.0,0.0,0.4,0.0,2.0,2.0,0.35,Area profesional,2828 - Seminario de Sistemas 2
779,Contabilidad 2,6,Ciencias Basicas y Complementarias,No,Si,1,medio,True,False,True,False,2,0.5,oferta_semestral,4.0,4.0,1.0,1.0,0.25,0.25,1.0,1.0,0.1,Area comun,779 - Contabilidad 2
2792,Idioma Tecnico 1,1,Ciencias Basicas y Complementarias,No,Si,1,medio,False,False,False,False,0,0.0,sin_oferta_2024,0.0,0.0,0.0,0.0,,,0.0,0.0,,Area comun,2792 - Idioma Tecnico 1
2793,Idioma Tecnico 2,2,Ciencias Basicas y Complementarias,No,Si,1,medio,False,False,False,False,0,0.0,sin_oferta_2024,0.0,0.0,0.0,0.0,,,0.0,0.0,,Area comun,2793 - Idioma Tecnico 2
2794,Idioma Tecnico 3,3,Ciencias Basicas y Complementarias,No,Si,1,medio,False,False,False,False,0,0.0,sin_oferta_2024,0.0,0.0,0.0,0.0,,,0.0,0.0,,Area comun,2794 - Idioma Tecnico 3
2824,Modelacion y Simulacion 1,9,Metodologia de Sistemas,No,Si,1,medio,False,False,False,False,0,0.0,sin_oferta_2024,0.0,0.0,0.0,0.0,,,0.0,0.0,,Area profesional,2824 - Modelacion y Simulacion 1
2832,Sistemas Aplicados 1,9,Desarrollo de Software,No,Si,1,medio,False,False,False,False,0,0.0,sin_oferta_2024,0.0,0.0,0.0,0.0,,,0.0,0.0,,Area profesional,2832 - Sistemas Aplicados 1
