estudiante_id_ofuscado,anio_academico,periodo_inscripcion,codigo_carrera,nombre_carrera,pensum,cohorte_ingreso
10f680ac-81d5-576f-82ba-d148f271a6ba,2024,S1,58,Ciencias y Sistemas,2016-58,2016
1b7adb46-da25-57cc-ad1c-f57382ea2726,2024,S1,58,Ciencias y Sistemas,2016-58,2016
2e00f910-0e59-5ab9-9e8b-a34bcab03f92,2024,S1,58,Ciencias y Sistemas,2016-58,2016
6963f4f3-6802-5cdd-bd03-ae2ce6377118,2024,S1,58,Ciencias y Sistemas,2016-58,2016
6af2858e-1d0c-505f-8272-789dcd0a9bf5,2024,S1,58,Ciencias y Sistemas,2016-58,2016
7652cff7-b1c1-512d-b7b3-3fcebcd66836,2024,S1,58,Ciencias y Sistemas,2016-58,2016
819e3498-97dd-5043-9bf3-b2813d4d41f6,2024,S1,58,Ciencias y Sistemas,2016-58,2016
94c6c4d2-5d64-5018-a24d-7e0532b95491,2024,S1,58,Ciencias y Sistemas,2016-58,2016
97e3a24a-1951-5cc2-923b-6191af630108,2024,S1,58,Ciencias y Sistemas,2016-58,2016
d0ad0b2d-4aa7-5f82-b60f-d5d1853af793,2024,S1,58,Ciencias y Sistemas,2016-58,2016
f0bdd8b3-8568-526f-b13a-c32334a74b0b,2024,S1,58,Ciencias y Sistemas,2016-58,2016
fd8244a9-dc81-5ae5-aab5-a1e457c7adf3,2024,S1,58,Ciencias y Sistemas,2016-58,2016
329e7019-2aa5-5081-be77-b04897cd4e37,2024,S1,58,Ciencias y Sistemas,2016-58,2017
39180af7-c44a-559c-ac8b-eaf6e37e2265,2024,S1,58,Ciencias y Sistemas,2016-58,2017
451ed091-5db3-5839-be32-db2b8b7ca0ff,2024,S1,58,Ciencias y Sistemas,2016-58,2017
48fc640e-bda5-5ade-8116-7cded5b90465,2024,S1,58,Ciencias y Sistemas,2016-58,2017
57c7e01c-08e7-5bed-990d-932f09e40515,2024,S1,58,Ciencias y Sistemas,2016-58,2017
62395f84-f265-5879-ab6f-35795935938f,2024,S1,58,Ciencias y Sistemas,2016-58,2017
62d061cf-ef3a-5598-9c6d-8afab4360e19,2024,S1,58,Ciencias y Sistemas,2016-58,2017
846ef7fc-83cf-5608-bf9e-87b3ec34f757,2024,S1,58,Ciencias y Sistemas,2016-58,2017
859f36a1-cc40-5623-9e54-398e73656d6c,2024,S1,58,Ciencias y Sistemas,2016-58,2017
8d00d5d2-c516-504c-8edc-ed9329902b7b,2024,S1,58,Ciencias y Sistemas,2016-58,2017
94797180-4529-5bbd-b17a-b1f61fd97dab,2024,S1,58,Ciencias y Sistemas,2016-58,2017
9bdf610d-5561-5b91-8b06-e55510ab5fca,2024,S1,58,Ciencias y Sistemas,2016-58,2017
9f318098-1494-5125-906a-ee896264abd1,2024,S1,58,Ciencias y Sistemas,2016-58,2017
b9fa01c5-1203-500e-bd18-c45eb1fbd830,2024,S1,58,Ciencias y Sistemas,2016-58,2017
c3c14107-7d2c-5c22-a460-54689410745a,2024,S1,58,Ciencias y Sistemas,2016-58,2017
c9d2363e-8ced-5661-aa58-506752643073,2024,S1,58,Ciencias y Sistemas,2016-58,2017
e00823c4-4799-56a2-aef1-8dc8472386dc,2024,S1,58,Ciencias y Sistemas,2016-58,2017
f39a2924-9c6d-574b-85f9-9602ce0e6bd3,2024,S1,58,Ciencias y Sistemas,2016-58,2017
172d1071-6be5-5340-babc-57ca19b4e7df,2024,S1,58,Ciencias y Sistemas,2016-58,2018
18b33a71-c5ee-5158-a2b5-aa5762772239,2024,S1,58,Ciencias y Sistemas,2016-58,2018
1cfe526c-6423-5755-b329-89a2d9085093,2024,S1,58,Ciencias y Sistemas,2016-58,2018
2dd5e133-d42c-5f10-9c6d-0f4f03b76768,2024,S1,58,Ciencias y Sistemas,2016-58,2018
32e88d76-e8a9-5944-91f2-67940f32b9db,2024,S1,58,Ciencias y Sistemas,2016-58,2018
3729cff5-4cf8-547f-93c3-463ddacaa886,2024,S1,58,Ciencias y Sistemas,2016-58,2018
38b03b54-edfa-5b7a-bda4-c05f1d380357,2024,S1,58,Ciencias y Sistemas,2016-58,2018
38cb34a5-05a5-5af4-8c59-1127a33a6e3e,2024,S1,58,Ciencias y Sistemas,2016-58,2018
39a86973-efa3-509c-8363-d189b08d40fc,2024,S1,58,Ciencias y Sistemas,2016-58,2018
3b36b2ad-44dd-5a2d-9040-f4de57c705b1,2024,S1,58,Ciencias y Sistemas,2016-58,2018
49ff4035-2d3a-514d-96d0-38942d59f55f,2024,S1,58,Ciencias y Sistemas,2016-58,2018
5b38ffe4-b5cc-5f2e-9d32-70682e50fc97,2024,S1,58,Ciencias y Sistemas,2016-58,2018
6d19b495-b73a-51f3-98ad-74e8a4324370,2024,S1,58,Ciencias y Sistemas,2016-58,2018
6f84a2ed-b7c3-57f6-8bd3-55f5239994a4,2024,S1,58,Ciencias y Sistemas,2016-58,2018
733eabf0-8a01-561c-88de-061f75b8feac,2024,S1,58,Ciencias y Sistemas,2016-58,2018
823b4866-812a-5280-9922-7a6ce48df3ae,2024,S1,58,Ciencias y Sistemas,2016-58,2018
87d67117-8bba-5626-bb8d-7bb8a2bf1d89,2024,S1,58,Ciencias y Sistemas,2016-58,2018
8942056f-ad5d-5e4f-abe0-9664b990f490,2024,S1,58,Ciencias y Sistemas,2016-58,2018
b5215489-f318-5dc2-9a6a-c14e1b2edaa8,2024,S1,58,Ciencias y Sistemas,2016-58,2018
bdcc331a-c430-5427-9007-7575f89c6156,2024,S1,58,Ciencias y Sistemas,2016-58,2018
c83f656f-fd8a-563a-85fd-9a8f9539d381,2024,S1,58,Ciencias y Sistemas,2016-58,2018
d0cf7e89-3fc9-5ac9-94b2-1ba5d480cdb1,2024,S1,58,Ciencias y Sistemas,2016-58,2018
d18b43dd-fa9f-5af3-b2cd-507f5315f597,2024,S1,58,Ciencias y Sistemas,2016-58,2018
dc5309eb-e2ec-550a-bb50-7b1eaa7753c1,2024,S1,58,Ciencias y Sistemas,2016-58,2018
e16aed93-afaf-5a41-92f3-2102a9e70a59,2024,S1,58,Ciencias y Sistemas,2016-58,2018
e3e96b5f-57f6-51ec-9525-aea706ce36ab,2024,S1,58,Ciencias y Sistemas,2016-58,2018
e3f06cc9-e450-5211-aaa7-d1e490dfed18,2024,S1,58,Ciencias y Sistemas,2016-58,2018
f9b10102-89c3-5064-a304-8531633168cb,2024,S1,58,Ciencias y Sistemas,2016-58,2018
02d73083-ab69-51c4-805a-720d97598b43,2024,S1,58,Ciencias y Sistemas,2016-58,2019
07470beb-65dd-5cb9-93ad-8e0c1eeac0af,2024,S1,58,Ciencias y Sistemas,2016-58,2019
083bb1b4-e24d-5c3f-8e22-efe135144eab,2024,S1,58,Ciencias y Sistemas,2016-58,2019
0a553b8b-585d-50fd-b997-aa6f114ffaf6,2024,S1,58,Ciencias y Sistemas,2016-58,2019
1181881d-1271-5070-9d47-c66a61743477,2024,S1,58,Ciencias y Sistemas,2016-58,2019
1587f2c9-f709-503c-823b-a76643566a8a,2024,S1,58,Ciencias y Sistemas,2016-58,2019
179e6d0b-0f6d-5db7-ae97-4827e95151e3,2024,S1,58,Ciencias y Sistemas,2016-58,2019
1897479b-0001-5b54-8174-3d9f7027208e,2024,S1,58,Ciencias y Sistemas,2016-58,2019
2076888d-44fb-51ad-853e-2a03767511fb,2024,S1,58,Ciencias y Sistemas,2016-58,2019
23455a52-fc04-5d1e-8036-f6ee1f915a9f,2024,S1,58,Ciencias y Sistemas,2016-58,2019
26570c68-dd6f-5886-82c0-578576c73a75,2024,S1,58,Ciencias y Sistemas,2016-58,2019
31c0d36d-c8d2-5f54-8576-179c5db0d849,2024,S1,58,Ciencias y Sistemas,2016-58,2019
3c2c4fbc-7f21-5721-bc92-0f59b1e1f8d6,2024,S1,58,Ciencias y Sistemas,2016-58,2019
3ee3a6fb-19aa-5fd3-b450-9391da6bb00d,2024,S1,58,Ciencias y Sistemas,2016-58,2019
4584c801-494c-5583-86d6-fd81cc3948f1,2024,S1,58,Ciencias y Sistemas,2016-58,2019
480dcf0f-fef3-5445-b5eb-829165c7cc0b,2024,S1,58,Ciencias y Sistemas,2016-58,2019
4e6aef50-363b-5386-b2b8-157a02fbe4a3,2024,S1,58,Ciencias y Sistemas,2016-58,2019
56a5ce3c-8d0b-51a5-940f-f3e91b040fcc,2024,S1,58,Ciencias y Sistemas,2016-58,2019
669100b3-1f67-5fba-a327-0a05d6585aa0,2024,S1,58,Ciencias y Sistemas,2016-58,2019
67097a2e-ec94-5b33-922f-1153b12e7e95,2024,S1,58,Ciencias y Sistemas,2016-58,2019
68d355f1-6155-5bf7-a1f7-df1e2af2313a,2024,S1,58,Ciencias y Sistemas,2016-58,2019
711782c3-1186-5101-9ae9-158e08315c56,2024,S1,58,Ciencias y Sistemas,2016-58,2019
74d80850-b8d9-55f0-ba5d-6ac148969f1e,2024,S1,58,Ciencias y Sistemas,2016-58,2019
80fd2144-9a50-53ec-86c3-7660cc3a92ca,2024,S1,58,Ciencias y Sistemas,2016-58,2019
8298176e-e71a-5857-80de-ca69ed9e9bb4,2024,S1,58,Ciencias y Sistemas,2016-58,2019
9d8b757f-00fd-55fc-b60c-74804ea267b7,2024,S1,58,Ciencias y Sistemas,2016-58,2019
a069913d-2dd9-5940-ae5c-c8d6c78649f4,2024,S1,58,Ciencias y Sistemas,2016-58,2019
aad6201b-f416-55be-a19b-4d06d2c15135,2024,S1,58,Ciencias y Sistemas,2016-58,2019
ab47b9b9-e7d4-5c8e-8d97-06cca3dfb8db,2024,S1,58,Ciencias y Sistemas,2016-58,2019
aff46efa-3185-503c-a500-ffd7602ad3dc,2024,S1,58,Ciencias y Sistemas,2016-58,2019
b1bffc04-aba8-54c6-9172-ea17f1483e9a,2024,S1,58,Ciencias y Sistemas,2016-58,2019
b6f67e91-3fbc-5e3c-9701-7f82ed8816ec,2024,S1,58,Ciencias y Sistemas,2016-58,2019
c536f584-6511-5834-9001-81b90ae09a0a,2024,S1,58,Ciencias y Sistemas,2016-58,2019
d59271aa-80c7-5dac-9158-b805a029afa6,2024,S1,58,Ciencias y Sistemas,2016-58,2019
e51922a4-dfe4-5ac3-a000-6761f11e2a08,2024,S1,58,Ciencias y Sistemas,2016-58,2019
e87d86ce-c827-5243-b059-3bed73494e1f,2024,S1,58,Ciencias y Sistemas,2016-58,2019
ec46b43d-bfed-5681-9581-41cca0cb20f4,2024,S1,58,Ciencias y Sistemas,2016-58,2019
ef31df78-e36a-5469-a5f0-f3f2e5f9455b,2024,S1,58,Ciencias y Sistemas,2016-58,2019
f2b9a44a-2706-5151-be54-8e3148495c13,2024,S1,58,Ciencias y Sistemas,2016-58,2019
f3c31e55-a2c7-5170-9b87-fe33fd8c91a6,2024,S1,58,Ciencias y Sistemas,2016-58,2019
f9eea9a9-015d-521f-ace7-3f3f5190ac81,2024,S1,58,Ciencias y Sistemas,2016-58,2019
fdf7104f-5492-5068-96f8-6d408f32fb7c,2024,S1,58,Ciencias y Sistemas,2016-58,2019
0259d9e4-ede8-5030-8d0c-86ad714a8687,2024,S1,58,Ciencias y Sistemas,2016-58,2020
033a103c-fbdf-5dda-afd6-6b5429304878,2024,S1,58,Ciencias y Sistemas,2016-58,2020
05d4241f-34c4-5309-b3bf-b59f562b2b28,2024,S1,58,Ciencias y Sistemas,2016-58,2020
0875f04d-ba62-524b-9469-180d7b74c579,2024,S1,58,Ciencias y Sistemas,2016-58,2020
0eb4976d-25ba-5524-a0db-2266a874f6ef,2024,S1,58,Ciencias y Sistemas,2016-58,2020
1c5edb7d-0ce1-5389-87a1-bde6785557fb,2024,S1,58,Ciencias y Sistemas,2016-58,2020
22037c10-f3e3-577f-b9fd-ca611f78fc13,2024,S1,58,Ciencias y Sistemas,2016-58,2020
2bfc082b-de5b-5caf-90c2-bd97bc77bd6a,2024,S1,58,Ciencias y Sistemas,2016-58,2020
2f2a3f2a-28f6-50dd-95a2-5faed5f8552f,2024,S1,58,Ciencias y Sistemas,2016-58,2020
32f146b8-61b8-50f7-bc3c-769691d70f96,2024,S1,58,Ciencias y Sistemas,2016-58,2020
3709aa39-ebba-578a-bfc0-0b92e87fdeaa,2024,S1,58,Ciencias y Sistemas,2016-58,2020
3b010113-22bd-5f9d-ae22-55e22893eed8,2024,S1,58,Ciencias y Sistemas,2016-58,2020
3d77a469-e655-55fe-805c-791030382035,2024,S1,58,Ciencias y Sistemas,2016-58,2020
3d82e428-2d9d-5e45-8b7c-cff3de424c95,2024,S1,58,Ciencias y Sistemas,2016-58,2020
4a306d08-6aaa-5f9c-ab4b-820d1f241b92,2024,S1,58,Ciencias y Sistemas,2016-58,2020
4dc4aa77-9ac0-5bc3-a84e-2b88879b68a8,2024,S1,58,Ciencias y Sistemas,2016-58,2020
4f27d42a-857e-5649-b886-e03a4f702663,2024,S1,58,Ciencias y Sistemas,2016-58,2020
508865ff-526c-5b08-8f0b-36822182e26c,2024,S1,58,Ciencias y Sistemas,2016-58,2020
5341d121-3e52-582b-9ade-7f81a055be74,2024,S1,58,Ciencias y Sistemas,2016-58,2020
55336854-e2aa-563e-8035-7284b4ccc98d,2024,S1,58,Ciencias y Sistemas,2016-58,2020
56c07b50-61f3-5f42-9d38-4d72989e1a65,2024,S1,58,Ciencias y Sistemas,2016-58,2020
57c900ea-044e-526b-8dfc-e81fb71402b9,2024,S1,58,Ciencias y Sistemas,2016-58,2020
5cfb66d3-10c8-5710-97b6-8bd25d49adff,2024,S1,58,Ciencias y Sistemas,2016-58,2020
71a9076e-98e5-5381-a6bb-d621499edc32,2024,S1,58,Ciencias y Sistemas,2016-58,2020
78985e7d-ee45-54ea-9fa9-bfacc2ee4797,2024,S1,58,Ciencias y Sistemas,2016-58,2020
78b7c5d8-ef57-529f-a111-388b34c7c35a,2024,S1,58,Ciencias y Sistemas,2016-58,2020
7c71294e-9c0e-514d-956c-b61c03ce0722,2024,S1,58,Ciencias y Sistemas,2016-58,2020
81499fda-b7ee-5fa7-9cda-b64ee9dfbab2,2024,S1,58,Ciencias y Sistemas,2016-58,2020
835b66d3-72cd-5867-b7d3-2de662ae3c02,2024,S1,58,Ciencias y Sistemas,2016-58,2020
8bc617b7-d1c6-5083-a14d-f3fb4bc50494,2024,S1,58,Ciencias y Sistemas,2016-58,2020
919d68f1-d0c5-56f4-b3e2-27936f50a241,2024,S1,58,Ciencias y Sistemas,2016-58,2020
941b6cb8-df72-5875-8525-f33fdae7c13d,2024,S1,58,Ciencias y Sistemas,2016-58,2020
98bd6a13-8add-5575-9388-3bae6a5ba51c,2024,S1,58,Ciencias y Sistemas,2016-58,2020
9b342f29-299c-53e8-abab-d0ddb5c51d18,2024,S1,58,Ciencias y Sistemas,2016-58,2020
9fb68156-bea9-5d9c-9ac8-4c74978e183e,2024,S1,58,Ciencias y Sistemas,2016-58,2020
aee6cbf2-05c4-5fd5-abf4-53aaee161048,2024,S1,58,Ciencias y Sistemas,2016-58,2020
af235c0f-fa51-564a-a139-98be54af9391,2024,S1,58,Ciencias y Sistemas,2016-58,2020
b61e89b6-2037-59df-8c60-9b45ea924c36,2024,S1,58,Ciencias y Sistemas,2016-58,2020
be4cc3ed-a3b2-5e94-bdab-cb425a63135a,2024,S1,58,Ciencias y Sistemas,2016-58,2020
c5b1ebc7-fe00-5c45-907f-133c48cc8f5e,2024,S1,58,Ciencias y Sistemas,2016-58,2020
c8b29424-3564-5114-8e8b-3ec7edb4631a,2024,S1,58,Ciencias y Sistemas,2016-58,2020
ca1fd280-c70c-5620-9699-ff3834093054,2024,S1,58,Ciencias y Sistemas,2016-58,2020
cafd50f0-00ad-5b43-9ecf-2e3a99da0a42,2024,S1,58,Ciencias y Sistemas,2016-58,2020
ccca9a76-953a-5d63-92e5-d3c2a20b74fe,2024,S1,58,Ciencias y Sistemas,2016-58,2020
d2e328c9-2152-5877-9404-46f05cc67380,2024,S1,58,Ciencias y Sistemas,2016-58,2020
d5f413f0-ef8a-5db4-a19c-e3328916256f,2024,S1,58,Ciencias y Sistemas,2016-58,2020
d6902138-e879-559c-a8d3-c35d938de895,2024,S1,58,Ciencias y Sistemas,2016-58,2020
d7395947-e212-57b3-b38d-2b95377e01fa,2024,S1,58,Ciencias y Sistemas,2016-58,2020
daf73f99-71e0-58f9-a2a2-4565580f75b4,2024,S1,58,Ciencias y Sistemas,2016-58,2020
e18004d8-6b4d-5f85-b563-a44d5c21c39d,2024,S1,58,Ciencias y Sistemas,2016-58,2020
e6616dee-223f-521e-9148-18ea6494d738,2024,S1,58,Ciencias y Sistemas,2016-58,2020
e66bc480-92fe-5315-9420-3c1a234179ac,2024,S1,58,Ciencias y Sistemas,2016-58,2020
e81dc01b-99fa-5afe-96c2-e6f0e7a8f50d,2024,S1,58,Ciencias y Sistemas,2016-58,2020
f0dd015e-2ffc-5cb0-8a06-36638e2cc9bf,2024,S1,58,Ciencias y Sistemas,2016-58,2020
f165b21b-a360-52d6-a848-f2b84f7a3202,2024,S1,58,Ciencias y Sistemas,2016-58,2020
f2b69ec5-a14d-5236-a5b1-4a3da87d9200,2024,S1,58,Ciencias y Sistemas,2016-58,2020
f37f66a2-3ef2-5947-8f55-1145199e62f0,2024,S1,58,Ciencias y Sistemas,2016-58,2020
f3df7bb3-edfa-50c0-9e56-9da800375bc4,2024,S1,58,Ciencias y Sistemas,2016-58,2020
fc5db985-05cf-59ad-a8d8-e6a91932d72c,2024,S1,58,Ciencias y Sistemas,2016-58,2020
ff71036f-4246-50f0-bdcc-ca1603a77671,2024,S1,58,Ciencias y Sistemas,2016-58,2020
050d1ef7-fae1-5a16-8445-3f2c1bb0e697,2024,S1,58,Ciencias y Sistemas,2016-58,2021
05b5961d-646c-504b-b525-05bffbd7eda8,2024,S1,58,Ciencias y Sistemas,2016-58,2021
069b0f85-66ac-5610-9b5a-0560dd8cad5c,2024,S1,58,Ciencias y Sistemas,2016-58,2021
08114b97-9250-52f8-9d5f-2f312c9ebf05,2024,S1,58,Ciencias y Sistemas,2016-58,2021
09f38ce8-1f46-54d4-9aaf-a5c3bd38490d,2024,S1,58,Ciencias y Sistemas,2016-58,2021
0dbc3861-b848-5448-a148-42de02126320,2024,S1,58,Ciencias y Sistemas,2016-58,2021
10a2c72f-365b-57d6-bd26-e86b0e4d68c2,2024,S1,58,Ciencias y Sistemas,2016-58,2021
1455f2e4-769b-5a64-aff9-ce869cd2fa54,2024,S1,58,Ciencias y Sistemas,2016-58,2021
18259429-587c-58cc-96cd-23a89c45f1cb,2024,S1,58,Ciencias y Sistemas,2016-58,2021
1d7fe8ac-2147-59a2-b6c8-e171b2681c3f,2024,S1,58,Ciencias y Sistemas,2016-58,2021
20470cf5-2acb-53ea-8996-70426c23e593,2024,S1,58,Ciencias y Sistemas,2016-58,2021
258230b7-9a78-5154-bafa-abd2bb5f077f,2024,S1,58,Ciencias y Sistemas,2016-58,2021
2905901c-e9bb-5210-b2b9-d5891b55407e,2024,S1,58,Ciencias y Sistemas,2016-58,2021
3099a7bf-6e40-58f6-ab25-f2d2d83ce748,2024,S1,58,Ciencias y Sistemas,2016-58,2021
30d86f50-ab28-5b09-a612-62765781d14c,2024,S1,58,Ciencias y Sistemas,2016-58,2021
327817b1-69ac-5335-a21d-9b8f2b559853,2024,S1,58,Ciencias y Sistemas,2016-58,2021
414c2cd0-1848-5853-8c5d-c17cb93672ce,2024,S1,58,Ciencias y Sistemas,2016-58,2021
41be5257-eb86-58d2-acc5-634e881af433,2024,S1,58,Ciencias y Sistemas,2016-58,2021
435a047c-b216-568f-ba1d-8ad22af29c5d,2024,S1,58,Ciencias y Sistemas,2016-58,2021
44face32-0c1c-529f-8dba-2e87be09c35d,2024,S1,58,Ciencias y Sistemas,2016-58,2021
4a6b3546-7880-595e-b541-6aab9d24320b,2024,S1,58,Ciencias y Sistemas,2016-58,2021
5307c02e-106e-56e4-a7c6-ccf412960b22,2024,S1,58,Ciencias y Sistemas,2016-58,2021
57c0a3f8-794b-51aa-822a-0f9abf7e09c9,2024,S1,58,Ciencias y Sistemas,2016-58,2021
58b6a601-745d-570f-94ed-2ad0438822dc,2024,S1,58,Ciencias y Sistemas,2016-58,2021
619e0687-c73c-51a5-96c5-00517e00097a,2024,S1,58,Ciencias y Sistemas,2016-58,2021
690768a4-bb18-595a-a71f-c99fe2a9eb6e,2024,S1,58,Ciencias y Sistemas,2016-58,2021
6bb97f95-e313-5cc7-bef3-47a9c8f29a52,2024,S1,58,Ciencias y Sistemas,2016-58,2021
6bcbc5b9-aa3f-56af-ab53-7120f013e99e,2024,S1,58,Ciencias y Sistemas,2016-58,2021
6bd36f7f-f413-50fc-9d21-a81519a0f9ae,2024,S1,58,Ciencias y Sistemas,2016-58,2021
6ca44d65-1cc8-59d0-8612-060e77224b40,2024,S1,58,Ciencias y Sistemas,2016-58,2021
711a105b-6bab-535c-8559-d33f6b48b697,2024,S1,58,Ciencias y Sistemas,2016-58,2021
71629b28-676c-5f88-96b2-fa1142a2a041,2024,S1,58,Ciencias y Sistemas,2016-58,2021
792400d2-ee7f-5700-8f46-f56d404e656f,2024,S1,58,Ciencias y Sistemas,2016-58,2021
79fbc371-b3f2-583e-af6a-cb69b75903b0,2024,S1,58,Ciencias y Sistemas,2016-58,2021
7bd40d41-d52d-5c5d-bd6a-72ac2a374717,2024,S1,58,Ciencias y Sistemas,2016-58,2021
80be8af0-a5ec-534c-8e5d-0a36ec0491a5,2024,S1,58,Ciencias y Sistemas,2016-58,2021
82c74821-0a18-59a5-b35b-8e5e0a96770d,2024,S1,58,Ciencias y Sistemas,2016-58,2021
8361b033-f5e1-594e-a892-84427b250f66,2024,S1,58,Ciencias y Sistemas,2016-58,2021
86608239-b711-5890-bc53-c65dc47d8ed0,2024,S1,58,Ciencias y Sistemas,2016-58,2021
8e23df98-c54f-5638-86da-c9506151f210,2024,S1,58,Ciencias y Sistemas,2016-58,2021
8f991504-6b31-501a-864a-6713b5eebd07,2024,S1,58,Ciencias y Sistemas,2016-58,2021
904fa107-1060-5bda-87eb-e3807921cca8,2024,S1,58,Ciencias y Sistemas,2016-58,2021
908ad6b6-bcca-5db9-bd43-adb0a789cb28,2024,S1,58,Ciencias y Sistemas,2016-58,2021
9c5dc1eb-c35d-56ef-902b-552a1c4e3aef,2024,S1,58,Ciencias y Sistemas,2016-58,2021
a5b8b644-851f-5f51-9a26-7f64e89643f7,2024,S1,58,Ciencias y Sistemas,2016-58,2021
a7bd029d-5a6a-5bb6-bc5c-4ddb5411b6fe,2024,S1,58,Ciencias y Sistemas,2016-58,2021
ac6e2eee-e6dd-5733-9b4a-4e568a986417,2024,S1,58,Ciencias y Sistemas,2016-58,2021
ae7e8863-692f-5fe0-bc4c-ffffc01f7957,2024,S1,58,Ciencias y Sistemas,2016-58,2021
b01c0133-92dd-5f13-8b4b-3e6a951b3bb4,2024,S1,58,Ciencias y Sistemas,2016-58,2021
b087e7e2-4850-54b0-8175-03303200035b,2024,S1,58,Ciencias y Sistemas,2016-58,2021
b9facbf6-29ab-55ae-aa89-75b3f95ef27d,2024,S1,58,Ciencias y Sistemas,2016-58,2021
bb2df0dc-340e-59b9-8c78-651baefa28d4,2024,S1,58,Ciencias y Sistemas,2016-58,2021
bd33a1e4-88e2-5537-8532-82d6a9b59ed2,2024,S1,58,Ciencias y Sistemas,2016-58,2021
bfb0c4a8-e5d5-50a9-880b-4f06cf9de121,2024,S1,58,Ciencias y Sistemas,2016-58,2021
bfb8eb31-ec7f-58d3-9056-bff848c8e69d,2024,S1,58,Ciencias y Sistemas,2016-58,2021
c3fcfe06-c7d0-5bcb-9082-cad8ca841cd2,2024,S1,58,Ciencias y Sistemas,2016-58,2021
c3fdd0ea-defe-56bf-8614-d4895c9df8cb,2024,S1,58,Ciencias y Sistemas,2016-58,2021
c5f349ec-47c3-53b7-9e1d-d9bf18f726a3,2024,S1,58,Ciencias y Sistemas,2016-58,2021
c7e1cd7b-9639-50d9-8dfc-1d73b1c85f64,2024,S1,58,Ciencias y Sistemas,2016-58,2021
c89bf0ca-8b71-5ca2-971d-575175c65ad9,2024,S1,58,Ciencias y Sistemas,2016-58,2021
c9ab122a-e4e7-51dc-af6b-059ecfaf700a,2024,S1,58,Ciencias y Sistemas,2016-58,2021
ca344a73-ffb8-5b0a-a30a-0b081b5c1bcc,2024,S1,58,Ciencias y Sistemas,2016-58,2021
d270e775-97e6-55a2-8ab6-43f3863627b6,2024,S1,58,Ciencias y Sistemas,2016-58,2021
d3d78ab0-e4e1-5add-9569-389af29f0c5f,2024,S1,58,Ciencias y Sistemas,2016-58,2021
da36824c-8b4b-5355-b4d7-f8c483b0a556,2024,S1,58,Ciencias y Sistemas,2016-58,2021
daac4940-d50e-5f20-8627-7705544803ed,2024,S1,58,Ciencias y Sistemas,2016-58,2021
dba52ccd-1502-5df9-b31a-3e80d6f796d2,2024,S1,58,Ciencias y Sistemas,2016-58,2021
de300aca-315d-5ec3-8a15-b7198afc11e1,2024,S1,58,Ciencias y Sistemas,2016-58,2021
e52db2fa-d8d9-5bda-a7fc-5c159063b4ee,2024,S1,58,Ciencias y Sistemas,2016-58,2021
e9ab81f9-015e-5d17-873c-1b0fea4f2b58,2024,S1,58,Ciencias y Sistemas,2016-58,2021
ef638bbd-09bd-5411-8a78-9f02760fef4d,2024,S1,58,Ciencias y Sistemas,2016-58,2021
f0e271ee-a595-53f7-9c6d-6143d4843865,2024,S1,58,Ciencias y Sistemas,2016-58,2021
f3cfaa1d-b9fa-564b-a1b6-4ef5630c678e,2024,S1,58,Ciencias y Sistemas,2016-58,2021
f8dfcdf5-919b-55bc-8085-c7d8d9f98dca,2024,S1,58,Ciencias y Sistemas,2016-58,2021
f93241a3-ab93-546f-9b12-7a8613e97a13,2024,S1,58,Ciencias y Sistemas,2016-58,2021
faf14236-d1d9-56b9-93b3-a0446dff8a53,2024,S1,58,Ciencias y Sistemas,2016-58,2021
03428918-b91e-5e08-aaa6-3e1037681d49,2024,S1,58,Ciencias y Sistemas,2016-58,2022
0450959e-48dc-5783-9140-cfcec928c5c5,2024,S1,58,Ciencias y Sistemas,2016-58,2022
06845194-5599-5680-bfb6-ebd5b2311c5a,2024,S1,58,Ciencias y Sistemas,2016-58,2022
07a27d8a-0694-555b-8163-a77ef3fbf6ad,2024,S1,58,Ciencias y Sistemas,2016-58,2022
0abddb67-c783-530f-814b-5f0edd0526d8,2024,S1,58,Ciencias y Sistemas,2016-58,2022
0c06f8f4-288d-57e0-8936-3d81fc7db2e7,2024,S1,58,Ciencias y Sistemas,2016-58,2022
13aacc8a-4f10-5af2-8322-c4f461609117,2024,S1,58,Ciencias y Sistemas,2016-58,2022
14909b74-1ad8-5aa8-9c18-990ee5e451b5,2024,S1,58,Ciencias y Sistemas,2016-58,2022
180b9f04-e976-5cfd-b528-336f193ddab2,2024,S1,58,Ciencias y Sistemas,2016-58,2022
1a3f74b9-a360-5601-b622-f749de1c4cdf,2024,S1,58,Ciencias y Sistemas,2016-58,2022
1d635c53-c4c0-5948-9c2a-f8f5ddf0ffca,2024,S1,58,Ciencias y Sistemas,2016-58,2022
26a06e61-efe0-518d-aa15-c7ace718268a,2024,S1,58,Ciencias y Sistemas,2016-58,2022
287283ce-fcaf-5519-a49e-3dea1c655f86,2024,S1,58,Ciencias y Sistemas,2016-58,2022
2993393f-9a74-58c6-b1c7-dd72e54f82e4,2024,S1,58,Ciencias y Sistemas,2016-58,2022
2d415273-7249-54f9-8906-6cb487e828ec,2024,S1,58,Ciencias y Sistemas,2016-58,2022
2d9d0318-35ae-5f0d-af30-95cd4a1b453a,2024,S1,58,Ciencias y Sistemas,2016-58,2022
2f29da26-30bd-532b-9d7f-881c2de77b44,2024,S1,58,Ciencias y Sistemas,2016-58,2022
385d8efa-6168-5aa3-ada8-a2e6a2d12d83,2024,S1,58,Ciencias y Sistemas,2016-58,2022
3985e831-1448-5276-828a-6bb569a3fc32,2024,S1,58,Ciencias y Sistemas,2016-58,2022
3990bdb0-1b8f-5889-897b-07750b6beeab,2024,S1,58,Ciencias y Sistemas,2016-58,2022
3c6f1a4a-d7f3-52a4-8351-301617f5a809,2024,S1,58,Ciencias y Sistemas,2016-58,2022
3d7b4965-b27a-514f-80f3-5afca2189109,2024,S1,58,Ciencias y Sistemas,2016-58,2022
3dd479e7-5243-5a56-8926-f9ff104c6b07,2024,S1,58,Ciencias y Sistemas,2016-58,2022
3e286a49-0d95-56da-aeae-91cae0ed2763,2024,S1,58,Ciencias y Sistemas,2016-58,2022
3e4778be-bac1-5c8c-8706-d8358755d3d7,2024,S1,58,Ciencias y Sistemas,2016-58,2022
41c3459c-e2e4-550d-a299-2cc964c7cfea,2024,S1,58,Ciencias y Sistemas,2016-58,2022
46f5141f-c212-54cb-a059-aceb91052900,2024,S1,58,Ciencias y Sistemas,2016-58,2022
4897cfad-4a62-527b-8f86-3e7477571b98,2024,S1,58,Ciencias y Sistemas,2016-58,2022
4ad432f3-551d-5be7-8c6b-3119f5486a77,2024,S1,58,Ciencias y Sistemas,2016-58,2022
4f27b763-668f-5443-b687-4d9ca582763c,2024,S1,58,Ciencias y Sistemas,2016-58,2022
4f4fe168-4caf-5a0c-887e-3bef44e26ba4,2024,S1,58,Ciencias y Sistemas,2016-58,2022
4f7b4d36-ced0-507a-ab49-52e28e9b672f,2024,S1,58,Ciencias y Sistemas,2016-58,2022
536a507b-cae9-556a-aca9-6fa541df708f,2024,S1,58,Ciencias y Sistemas,2016-58,2022
56dfcc1d-eaf2-51c8-bf99-0ce0f65e98a6,2024,S1,58,Ciencias y Sistemas,2016-58,2022
5f682d23-c8ca-56c5-87a4-a1e5f6295097,2024,S1,58,Ciencias y Sistemas,2016-58,2022
61b4785b-fce3-5388-98b4-78ae1eab1273,2024,S1,58,Ciencias y Sistemas,2016-58,2022
64cc33e8-ae26-5cbe-b897-cf46dddd0613,2024,S1,58,Ciencias y Sistemas,2016-58,2022
650bbd69-f91f-582d-aed1-6aaf74b21405,2024,S1,58,Ciencias y Sistemas,2016-58,2022
6522d817-9f15-5a33-a9dc-47059c82e492,2024,S1,58,Ciencias y Sistemas,2016-58,2022
6805b9fb-41ed-5a31-ad5a-85709d91a8bb,2024,S1,58,Ciencias y Sistemas,2016-58,2022
6d078a78-d8e3-5b7a-89a1-43baa31b9780,2024,S1,58,Ciencias y Sistemas,2016-58,2022
6e7eeb15-ed34-52a3-9b2e-94a14ced704f,2024,S1,58,Ciencias y Sistemas,2016-58,2022
717b731e-7f1f-5d15-97ab-fe9730798a9c,2024,S1,58,Ciencias y Sistemas,2016-58,2022
75ad2a1d-e65d-5b36-9b02-6dc6f12138a4,2024,S1,58,Ciencias y Sistemas,2016-58,2022
76a27247-038b-519c-8c4d-bfd0b57beee0,2024,S1,58,Ciencias y Sistemas,2016-58,2022
78442ff4-9731-59db-a8f6-bcf204414ad0,2024,S1,58,Ciencias y Sistemas,2016-58,2022
7996cf1a-d87a-5fdc-a9eb-dfc452b7df6a,2024,S1,58,Ciencias y Sistemas,2016-58,2022
7d36a894-5a69-5be2-93a2-a8c1d01df056,2024,S1,58,Ciencias y Sistemas,2016-58,2022
7f65857e-5b14-557a-bd52-34d73e3b4017,2024,S1,58,Ciencias y Sistemas,2016-58,2022
7f9606ee-06b3-5cde-b8e8-5ecc400c2647,2024,S1,58,Ciencias y Sistemas,2016-58,2022
837fc661-96eb-586d-b4c9-f77b85563c15,2024,S1,58,Ciencias y Sistemas,2016-58,2022
85f6e33e-822a-59b2-a749-33e5034486fd,2024,S1,58,Ciencias y Sistemas,2016-58,2022
89e30471-3014-5c79-9455-e1c4f2ee60bd,2024,S1,58,Ciencias y Sistemas,2016-58,2022
8adbc82c-808f-5b1d-b86c-04b04f2a4aad,2024,S1,58,Ciencias y Sistemas,2016-58,2022
96c6949d-d550-5217-9989-03c50351059d,2024,S1,58,Ciencias y Sistemas,2016-58,2022
9a98393a-472a-543c-b2c9-606126573d51,2024,S1,58,Ciencias y Sistemas,2016-58,2022
9af53817-e9ec-5854-a2a5-e577ccaf67ed,2024,S1,58,Ciencias y Sistemas,2016-58,2022
a0ce5501-c941-5d6f-bdff-a357ccb52bd7,2024,S1,58,Ciencias y Sistemas,2016-58,2022
a470abbf-738a-5dfb-8bb6-e50d4c2f9d24,2024,S1,58,Ciencias y Sistemas,2016-58,2022
a5be436a-cb69-5107-956d-501d659bb0d7,2024,S1,58,Ciencias y Sistemas,2016-58,2022
a9222af8-9a83-5e7a-985e-0ccc23119415,2024,S1,58,Ciencias y Sistemas,2016-58,2022
ab49c2b1-e673-50f6-ae4a-e5b321756a15,2024,S1,58,Ciencias y Sistemas,2016-58,2022
ae8a03d3-f49b-5a06-bc7a-d6bba5d3e0f7,2024,S1,58,Ciencias y Sistemas,2016-58,2022
b06bcec0-b3a3-50b9-a1ec-953a4674371d,2024,S1,58,Ciencias y Sistemas,2016-58,2022
b2adc362-05d9-54d6-bd03-02e44c27e8c5,2024,S1,58,Ciencias y Sistemas,2016-58,2022
b69b6146-9244-5946-800b-bab8d07fdf29,2024,S1,58,Ciencias y Sistemas,2016-58,2022
b89cb3da-fce8-5a95-a009-7086c816ed58,2024,S1,58,Ciencias y Sistemas,2016-58,2022
b94db85b-c7ab-5020-abd5-3bce9a677e73,2024,S1,58,Ciencias y Sistemas,2016-58,2022
bc2edb29-4cd5-5fb5-88a5-7dedee94af0d,2024,S1,58,Ciencias y Sistemas,2016-58,2022
bc607b11-c7c3-5cd1-b0c4-f95fabb7d1bf,2024,S1,58,Ciencias y Sistemas,2016-58,2022
c30fa33e-a61c-5bad-a910-c62f6e25578d,2024,S1,58,Ciencias y Sistemas,2016-58,2022
c41dd30f-7c59-5647-a164-2c5d11a89c90,2024,S1,58,Ciencias y Sistemas,2016-58,2022
c7b997d5-91cd-5f2d-a5b3-12b04e610321,2024,S1,58,Ciencias y Sistemas,2016-58,2022
c922de12-eb27-59e0-bffe-295050a28a20,2024,S1,58,Ciencias y Sistemas,2016-58,2022
cd6b3dd3-0242-5185-adf4-9131b416bce6,2024,S1,58,Ciencias y Sistemas,2016-58,2022
d118687e-00c4-575c-a6cb-42161dba4e09,2024,S1,58,Ciencias y Sistemas,2016-58,2022
d14b3e31-2a2e-5d74-a02b-19460fe28aa5,2024,S1,58,Ciencias y Sistemas,2016-58,2022
d4527165-c6ec-5c29-a3ed-988cd19e5f3f,2024,S1,58,Ciencias y Sistemas,2016-58,2022
d931f9da-177d-519e-9604-82c77ffd7dfc,2024,S1,58,Ciencias y Sistemas,2016-58,2022
d9eeab00-bbf2-51d4-911b-4b868ffbb81a,2024,S1,58,Ciencias y Sistemas,2016-58,2022
dad0c14e-3930-51b5-9cb7-b11183202107,2024,S1,58,Ciencias y Sistemas,2016-58,2022
dbf903d2-202e-5c76-bec4-0a27f91b30dd,2024,S1,58,Ciencias y Sistemas,2016-58,2022
e01ffccc-2b4c-54a9-9a6e-07307564f527,2024,S1,58,Ciencias y Sistemas,2016-58,2022
e6a59826-1bef-51d2-8aca-813db3078360,2024,S1,58,Ciencias y Sistemas,2016-58,2022
e6cecf06-57d6-5cdb-b2ba-c309cb7cab41,2024,S1,58,Ciencias y Sistemas,2016-58,2022
ea6d5422-828f-5de1-9fda-fcc0b60d4590,2024,S1,58,Ciencias y Sistemas,2016-58,2022
eb14890f-4dde-58de-a427-a40744003b02,2024,S1,58,Ciencias y Sistemas,2016-58,2022
efa55bd1-a3d6-552e-b4fc-91b4426c5818,2024,S1,58,Ciencias y Sistemas,2016-58,2022
f113ca9c-f96d-574a-8d4e-37dbed8a6755,2024,S1,58,Ciencias y Sistemas,2016-58,2022
f39f6a57-4dc7-5776-b537-39cd3bc30f49,2024,S1,58,Ciencias y Sistemas,2016-58,2022
f495d99d-1544-59a5-b354-52fd3724f756,2024,S1,58,Ciencias y Sistemas,2016-58,2022
f4c71755-c25b-53e6-aae7-bf388a03494c,2024,S1,58,Ciencias y Sistemas,2016-58,2022
f921ded9-7fd5-54fb-aad5-6aef5fe039e2,2024,S1,58,Ciencias y Sistemas,2016-58,2022
fcb564ba-dcd6-5948-b405-a71674ce7049,2024,S1,58,Ciencias y Sistemas,2016-58,2022
061443c8-a609-5195-99f3-6ded28732468,2024,S1,58,Ciencias y Sistemas,2016-58,2023
09770aad-1237-579b-83dd-104f3a439933,2024,S1,58,Ciencias y Sistemas,2016-58,2023
0c7a60bb-8fd5-5785-ae40-5a238188aebd,2024,S1,58,Ciencias y Sistemas,2016-58,2023
0cde0ab4-cadb-52c2-b390-b7f6afe8746c,2024,S1,58,Ciencias y Sistemas,2016-58,2023
0ee9e680-12e5-50e4-b182-3e780e680246,2024,S1,58,Ciencias y Sistemas,2016-58,2023
0fa55129-2054-5d0a-ac6a-c453dfc1133a,2024,S1,58,Ciencias y Sistemas,2016-58,2023
101fcc1c-02cb-502a-895a-dc14ec8bc4fc,2024,S1,58,Ciencias y Sistemas,2016-58,2023
15a0bb40-c6d6-5f6a-8142-f1c5ba0a121a,2024,S1,58,Ciencias y Sistemas,2016-58,2023
160c76d2-e6fd-5b5f-848d-57e6bb964df3,2024,S1,58,Ciencias y Sistemas,2016-58,2023
16882813-1901-5922-b351-e490c6282bc4,2024,S1,58,Ciencias y Sistemas,2016-58,2023
184c1de9-fa20-510e-b160-68ad1dc84065,2024,S1,58,Ciencias y Sistemas,2016-58,2023
18744750-066d-5952-a07f-87fe04f11287,2024,S1,58,Ciencias y Sistemas,2016-58,2023
18a74ce6-ba44-5c94-a2c3-22a8ded6786a,2024,S1,58,Ciencias y Sistemas,2016-58,2023
1f2beec5-6645-5d05-82ee-24ac5912f380,2024,S1,58,Ciencias y Sistemas,2016-58,2023
1f6f1f28-074c-59c7-92b8-d6e9c19bdd7a,2024,S1,58,Ciencias y Sistemas,2016-58,2023
2025c707-2bf8-5151-be4c-a2a603e99860,2024,S1,58,Ciencias y Sistemas,2016-58,2023
229d23a0-bac6-55e3-9d53-ef85f45542e0,2024,S1,58,Ciencias y Sistemas,2016-58,2023
23b6caf2-e88d-5562-aa80-01e9ef57ebe9,2024,S1,58,Ciencias y Sistemas,2016-58,2023
23d99703-dc71-5cfb-be2e-7b094396d2e1,2024,S1,58,Ciencias y Sistemas,2016-58,2023
25077c77-5aee-5d93-8a36-c5b57da00dc0,2024,S1,58,Ciencias y Sistemas,2016-58,2023
257724e2-11c9-5663-88d5-df9d1c7c66c6,2024,S1,58,Ciencias y Sistemas,2016-58,2023
25841c45-8811-545f-b5e2-6b2d705ec4c7,2024,S1,58,Ciencias y Sistemas,2016-58,2023
25e84c4c-0e95-5f03-a935-f30e7f0de6b0,2024,S1,58,Ciencias y Sistemas,2016-58,2023
26b70c46-d8aa-5b67-b21d-02f2c1b9ca56,2024,S1,58,Ciencias y Sistemas,2016-58,2023
26d5d2fd-ceb5-56b7-bf84-f028a12bf50c,2024,S1,58,Ciencias y Sistemas,2016-58,2023
2a6bef91-9d34-57ef-9ecf-910d7d7bfd14,2024,S1,58,Ciencias y Sistemas,2016-58,2023
2e33f779-921b-597f-99f2-6ff5b1d80351,2024,S1,58,Ciencias y Sistemas,2016-58,2023
2e531479-2e51-5b22-9a96-785cdab828d1,2024,S1,58,Ciencias y Sistemas,2016-58,2023
329a5540-4d0e-50b1-8e8d-41575a82dc8b,2024,S1,58,Ciencias y Sistemas,2016-58,2023
34986bea-a380-5964-a9fe-b7d8075f0cd5,2024,S1,58,Ciencias y Sistemas,2016-58,2023
34cda5e3-c5d3-54b8-aeb1-bfb0d468bf7f,2024,S1,58,Ciencias y Sistemas,2016-58,2023
35608fe5-e3c5-504b-8cc2-216c90a13a47,2024,S1,58,Ciencias y Sistemas,2016-58,2023
366b165f-922c-5847-b813-fc6ef6c3a751,2024,S1,58,Ciencias y Sistemas,2016-58,2023
36f4d3ec-4023-5b34-8dc2-6e588a93f6a1,2024,S1,58,Ciencias y Sistemas,2016-58,2023
37298f71-ec61-5e5c-ad25-86570c15f7ec,2024,S1,58,Ciencias y Sistemas,2016-58,2023
38d3c179-d651-5b38-a95d-5f30eea49bc7,2024,S1,58,Ciencias y Sistemas,2016-58,2023
390a81e9-c184-59de-8b1f-aa4c16c462b8,2024,S1,58,Ciencias y Sistemas,2016-58,2023
3b72ef3a-35be-57ea-9618-876a2c6483e8,2024,S1,58,Ciencias y Sistemas,2016-58,2023
3b839c8a-1e03-5728-b057-2689dbdd202e,2024,S1,58,Ciencias y Sistemas,2016-58,2023
3bdd6bd7-2493-5fef-97d2-19101e40630a,2024,S1,58,Ciencias y Sistemas,2016-58,2023
3d26acfe-2654-5f55-abd4-4977a7b03cf5,2024,S1,58,Ciencias y Sistemas,2016-58,2023
3d7d6836-0718-514f-9b1c-cb60e1a84ee4,2024,S1,58,Ciencias y Sistemas,2016-58,2023
3f2755ef-7031-5580-be34-89f9ba198194,2024,S1,58,Ciencias y Sistemas,2016-58,2023
3f6b4811-4804-539a-990b-aa859b6d7359,2024,S1,58,Ciencias y Sistemas,2016-58,2023
43568f87-d046-5ada-b5c5-049d7f35eb47,2024,S1,58,Ciencias y Sistemas,2016-58,2023
4628c082-b668-5afc-a506-1e3c43e99915,2024,S1,58,Ciencias y Sistemas,2016-58,2023
470d2f0d-6871-50f9-b19a-adce9759f72b,2024,S1,58,Ciencias y Sistemas,2016-58,2023
475a203e-ec49-5017-a37b-31943557dcc9,2024,S1,58,Ciencias y Sistemas,2016-58,2023
483edcff-dbbf-5447-b9d9-095557232b02,2024,S1,58,Ciencias y Sistemas,2016-58,2023
490c004f-42a1-534f-b227-8fe75437eaed,2024,S1,58,Ciencias y Sistemas,2016-58,2023
490c9487-1342-5062-a509-90370d598267,2024,S1,58,Ciencias y Sistemas,2016-58,2023
49b58f54-b0f3-5a4f-b91f-0f3ad303fe50,2024,S1,58,Ciencias y Sistemas,2016-58,2023
4a07ae27-bce6-5958-80da-0b26f4d4650a,2024,S1,58,Ciencias y Sistemas,2016-58,2023
4fd48cf3-f8af-550e-a2d0-220e5a797783,2024,S1,58,Ciencias y Sistemas,2016-58,2023
4fe66740-123b-5ade-8b14-4d392dc1094e,2024,S1,58,Ciencias y Sistemas,2016-58,2023
5604fdd0-7da5-5e29-9a3c-ff1a0345ec7d,2024,S1,58,Ciencias y Sistemas,2016-58,2023
56d6a85b-af6a-5056-b7e5-6fc2b0054af8,2024,S1,58,Ciencias y Sistemas,2016-58,2023
5f2d4609-1bd0-5199-8792-ad4daad25e34,2024,S1,58,Ciencias y Sistemas,2016-58,2023
6473da69-8d8c-53e3-9a2c-6841674fb2d0,2024,S1,58,Ciencias y Sistemas,2016-58,2023
65007197-5f5c-5994-b236-6edf8af55bfa,2024,S1,58,Ciencias y Sistemas,2016-58,2023
670ed2ec-5dc5-5a8a-9e6f-770f70091eb9,2024,S1,58,Ciencias y Sistemas,2016-58,2023
6b0fa083-89e1-5c4a-9ebd-503d3bf9b28b,2024,S1,58,Ciencias y Sistemas,2016-58,2023
6c433ed9-ad1e-51e2-9d31-0f92474524f1,2024,S1,58,Ciencias y Sistemas,2016-58,2023
70b2bc66-3db1-536f-8061-39cc18e139ea,2024,S1,58,Ciencias y Sistemas,2016-58,2023
71806101-b15f-5375-91f0-eafc01d04a08,2024,S1,58,Ciencias y Sistemas,2016-58,2023
731b92fd-50e5-5559-a9d3-96a0748f2373,2024,S1,58,Ciencias y Sistemas,2016-58,2023
733992a1-b132-51b5-b785-2069b83ece2b,2024,S1,58,Ciencias y Sistemas,2016-58,2023
751429d0-55a4-50e5-96d4-4ff1fdfc02c0,2024,S1,58,Ciencias y Sistemas,2016-58,2023
75254726-eef6-5fd6-b475-c358d1e77c3e,2024,S1,58,Ciencias y Sistemas,2016-58,2023
760374e5-fa63-5431-b172-de8a0abbce5f,2024,S1,58,Ciencias y Sistemas,2016-58,2023
766a215c-fae4-5d87-86b1-a6544ab14748,2024,S1,58,Ciencias y Sistemas,2016-58,2023
7aac2ae8-68aa-51a1-b8a6-24cdb91b4935,2024,S1,58,Ciencias y Sistemas,2016-58,2023
7e033645-6b36-5b24-be88-ef2953f2c850,2024,S1,58,Ciencias y Sistemas,2016-58,2023
808862a1-f703-5d96-9eb0-dee85a54f151,2024,S1,58,Ciencias y Sistemas,2016-58,2023
819b9b1c-476d-5b64-949b-8bb80947bfde,2024,S1,58,Ciencias y Sistemas,2016-58,2023
829d6bb7-6b71-5f40-9045-d49c7a41f459,2024,S1,58,Ciencias y Sistemas,2016-58,2023
830d469b-5f0d-5c02-83e5-fb3ef8b12772,2024,S1,58,Ciencias y Sistemas,2016-58,2023
83c5a92d-1d67-5123-9563-d6dad24bbc27,2024,S1,58,Ciencias y Sistemas,2016-58,2023
857bee19-f5cc-5925-8f6d-5e6dc8b42cb7,2024,S1,58,Ciencias y Sistemas,2016-58,2023
87311978-cada-5886-b1e3-28401b95cf8e,2024,S1,58,Ciencias y Sistemas,2016-58,2023
8bc03924-39b4-5c0a-985f-6cb1afe0a9e9,2024,S1,58,Ciencias y Sistemas,2016-58,2023
8d0b01b6-3de2-5be7-87a9-01eb3806e177,2024,S1,58,Ciencias y Sistemas,2016-58,2023
8dc5c8ce-0b27-50c3-bec7-fce9414db9bf,2024,S1,58,Ciencias y Sistemas,2016-58,2023
8feda068-15b3-578a-b249-a538441fafb6,2024,S1,58,Ciencias y Sistemas,2016-58,2023
9205f4d0-ca02-57f6-b51e-b705ac0898d7,2024,S1,58,Ciencias y Sistemas,2016-58,2023
94094ee0-2717-54ef-be78-798722ef727a,2024,S1,58,Ciencias y Sistemas,2016-58,2023
94c2d2be-6e25-5d7c-a62b-a4c80507cb2b,2024,S1,58,Ciencias y Sistemas,2016-58,2023
97171161-ceef-5159-92b0-c9415c6d7403,2024,S1,58,Ciencias y Sistemas,2016-58,2023
99e6be68-8a89-5792-85ba-477b1d7e300b,2024,S1,58,Ciencias y Sistemas,2016-58,2023
9db9b320-6e2b-5cf7-9e83-bba0130684c9,2024,S1,58,Ciencias y Sistemas,2016-58,2023
9ef93136-4252-556a-b27a-56284b0733c6,2024,S1,58,Ciencias y Sistemas,2016-58,2023
a0255bd2-c49d-5e1e-9f89-cd10cc01f918,2024,S1,58,Ciencias y Sistemas,2016-58,2023
a029f47b-dd20-5fb5-9265-eb5443fecfd1,2024,S1,58,Ciencias y Sistemas,2016-58,2023
a20155e8-2dc9-5995-816b-3cb66b43ad43,2024,S1,58,Ciencias y Sistemas,2016-58,2023
a252557b-6fa4-5ac7-b1b4-dfa120d1e728,2024,S1,58,Ciencias y Sistemas,2016-58,2023
a2b5f5b2-e9f5-5757-9f6e-7438a476abc5,2024,S1,58,Ciencias y Sistemas,2016-58,2023
a397aa26-43c1-5dd5-8ded-d294dadfb78d,2024,S1,58,Ciencias y Sistemas,2016-58,2023
a87d6feb-c363-581e-8e53-245cd9839996,2024,S1,58,Ciencias y Sistemas,2016-58,2023
a95180f9-77c6-5b98-a2fb-323e641ed050,2024,S1,58,Ciencias y Sistemas,2016-58,2023
acdb052b-d554-5cc6-aa3a-c75827d8310b,2024,S1,58,Ciencias y Sistemas,2016-58,2023
adaf3c7a-3e47-5989-abc3-94ddc1fa8301,2024,S1,58,Ciencias y Sistemas,2016-58,2023
af7170d5-79af-53e8-ac44-8d6b7e8ad951,2024,S1,58,Ciencias y Sistemas,2016-58,2023
b0348df3-fe64-57fb-9a16-ef1d46254d7e,2024,S1,58,Ciencias y Sistemas,2016-58,2023
b1ada878-5ce8-5e51-bc44-6a5ae1f64971,2024,S1,58,Ciencias y Sistemas,2016-58,2023
b1cce0db-3292-5ff2-837e-2fda6bc2eb62,2024,S1,58,Ciencias y Sistemas,2016-58,2023
b3997c2f-90c6-5168-9d2b-373122f6b85d,2024,S1,58,Ciencias y Sistemas,2016-58,2023
ba341cb6-848c-5d30-8bb3-6dc3b8ccd016,2024,S1,58,Ciencias y Sistemas,2016-58,2023
bd77a48a-9406-51ae-a620-b28897754dec,2024,S1,58,Ciencias y Sistemas,2016-58,2023
bed9e918-22d8-53c7-891c-03d1739f37c3,2024,S1,58,Ciencias y Sistemas,2016-58,2023
bfcdedcc-bb15-55d3-af36-398b47e8169b,2024,S1,58,Ciencias y Sistemas,2016-58,2023
c27c04eb-b36c-5f95-a9ff-ba3b43c1f175,2024,S1,58,Ciencias y Sistemas,2016-58,2023
c5252bea-0a8d-5efa-82fb-26d83372a130,2024,S1,58,Ciencias y Sistemas,2016-58,2023
c7cd1346-234a-5f30-b884-48b69a36b80d,2024,S1,58,Ciencias y Sistemas,2016-58,2023
ca045e8e-72e0-524e-b94e-790662c03e9c,2024,S1,58,Ciencias y Sistemas,2016-58,2023
ca6fc301-a539-586c-9789-e3d1605db2b0,2024,S1,58,Ciencias y Sistemas,2016-58,2023
cb2a28b9-397d-5feb-a252-7b8abaccc929,2024,S1,58,Ciencias y Sistemas,2016-58,2023
cb7e7a97-6e00-55b0-b580-317f19854827,2024,S1,58,Ciencias y Sistemas,2016-58,2023
cc8b8c37-cde4-5961-8d5a-293197f83e2e,2024,S1,58,Ciencias y Sistemas,2016-58,2023
cd28b7e2-8009-5ab7-bfab-ba2f84ee3e52,2024,S1,58,Ciencias y Sistemas,2016-58,2023
cf78170e-bdcf-5b76-9880-68254df8a507,2024,S1,58,Ciencias y Sistemas,2016-58,2023
d0d32b44-cc7d-5dc8-8f44-2e0cadff8dca,2024,S1,58,Ciencias y Sistemas,2016-58,2023
d3acc96f-c21a-5c20-96fb-a688c8734bfe,2024,S1,58,Ciencias y Sistemas,2016-58,2023
d4aa7cc1-7a50-5352-8316-3d2d7fa077d2,2024,S1,58,Ciencias y Sistemas,2016-58,2023
d5aaa6eb-6692-5c69-b2a8-cf5b1835b425,2024,S1,58,Ciencias y Sistemas,2016-58,2023
d853ff4f-67d3-5a25-adc6-ad5afcf105fa,2024,S1,58,Ciencias y Sistemas,2016-58,2023
e21547f5-5ca5-5a65-9672-e1f99f10125a,2024,S1,58,Ciencias y Sistemas,2016-58,2023
e433d0b0-de78-5b0f-9cd1-397f7d94f630,2024,S1,58,Ciencias y Sistemas,2016-58,2023
e95f73c9-1239-50f0-9bb5-6421a9c0181e,2024,S1,58,Ciencias y Sistemas,2016-58,2023
eae6527b-b1e4-5222-b4d0-ac6089abf79f,2024,S1,58,Ciencias y Sistemas,2016-58,2023
ec14649a-b1aa-5070-8cb4-c6a848b94d89,2024,S1,58,Ciencias y Sistemas,2016-58,2023
ec22dbbf-bcda-5f1d-bfc8-a82e55ec7de9,2024,S1,58,Ciencias y Sistemas,2016-58,2023
f199e5f4-121f-5cf5-ba7c-98bc08d9eb4c,2024,S1,58,Ciencias y Sistemas,2016-58,2023
f244a686-f32b-5770-9d6b-044f508009fa,2024,S1,58,Ciencias y Sistemas,2016-58,2023
f250f78e-a10d-5ef3-be84-18dfa329601a,2024,S1,58,Ciencias y Sistemas,2016-58,2023
f2dad9d6-eb91-5d98-9cb3-9e546e130399,2024,S1,58,Ciencias y Sistemas,2016-58,2023
f4079fd7-040c-5036-b7a6-c0842fed660b,2024,S1,58,Ciencias y Sistemas,2016-58,2023
f4bcda92-d4d7-507e-b697-5600cac6f573,2024,S1,58,Ciencias y Sistemas,2016-58,2023
fac41a8d-eab7-5a4c-ba54-a8d0c1f74902,2024,S1,58,Ciencias y Sistemas,2016-58,2023
fb167343-6dc1-5b01-b2b2-486e33496558,2024,S1,58,Ciencias y Sistemas,2016-58,2023
fc68457e-7e7c-5698-a1c7-1ed0dccba4b3,2024,S1,58,Ciencias y Sistemas,2016-58,2023
0045968e-85a2-5b82-bc32-83b532db55cd,2024,S1,58,Ciencias y Sistemas,2016-58,2024
00951361-bee7-5343-85b9-b2de39c38298,2024,S1,58,Ciencias y Sistemas,2016-58,2024
00a20d4b-9043-50fd-9656-3d18b3d769d1,2024,S1,58,Ciencias y Sistemas,2016-58,2024
01bab3f1-2982-57c8-8f29-8cf445b6214e,2024,S1,58,Ciencias y Sistemas,2016-58,2024
08d5616f-376d-5766-b14e-b1d1437e5d1a,2024,S1,58,Ciencias y Sistemas,2016-58,2024
0982685f-f12c-5cbc-87fb-2af443788fef,2024,S1,58,Ciencias y Sistemas,2016-58,2024
0a9592c1-41df-56fb-ae5f-49a98f842829,2024,S1,58,Ciencias y Sistemas,2016-58,2024
0b91ef54-482c-5813-ab7c-4eec7f55e3d4,2024,S1,58,Ciencias y Sistemas,2016-58,2024
0d28940c-8260-53a7-8e3e-298acd7b5bfa,2024,S1,58,Ciencias y Sistemas,2016-58,2024
0ef15c27-d711-5c04-a891-a2c6c92975e9,2024,S1,58,Ciencias y Sistemas,2016-58,2024
11b3b6a5-c3f8-5413-a4d3-bf4c2dee1df7,2024,S1,58,Ciencias y Sistemas,2016-58,2024
136359a4-f6ba-5d83-bc2f-db84eb392890,2024,S1,58,Ciencias y Sistemas,2016-58,2024
13b9c86d-9619-5631-94db-1fa1670bd20b,2024,S1,58,Ciencias y Sistemas,2016-58,2024
16e05d20-d12c-5dad-944c-ac46cae0b322,2024,S1,58,Ciencias y Sistemas,2016-58,2024
17c7a9a2-f074-5a25-9c33-123c3f252a00,2024,S1,58,Ciencias y Sistemas,2016-58,2024
1bf1c525-f0f5-52b9-81f2-e993b470b9cc,2024,S1,58,Ciencias y Sistemas,2016-58,2024
1c6583c9-8dab-560b-95ba-62442b620433,2024,S1,58,Ciencias y Sistemas,2016-58,2024
1c875d84-9b73-5522-98e9-e0320dcb5a3e,2024,S1,58,Ciencias y Sistemas,2016-58,2024
1de648c3-6819-5075-9540-695d387b5ffb,2024,S1,58,Ciencias y Sistemas,2016-58,2024
1f2b77ef-07aa-502d-929d-d94213b94b63,2024,S1,58,Ciencias y Sistemas,2016-58,2024
23bc065b-fa7c-598a-91dd-9a5fd555e538,2024,S1,58,Ciencias y Sistemas,2016-58,2024
252d04af-c959-574c-927b-59809a7cf378,2024,S1,58,Ciencias y Sistemas,2016-58,2024
263cfab1-83e1-5775-bb4e-9afb1bef241e,2024,S1,58,Ciencias y Sistemas,2016-58,2024
270a0504-64d3-5ff7-bda8-d02793ef8a81,2024,S1,58,Ciencias y Sistemas,2016-58,2024
27211edc-1649-54b6-b315-76064d324463,2024,S1,58,Ciencias y Sistemas,2016-58,2024
286fa7de-31f8-56c1-8023-d8120c448dc4,2024,S1,58,Ciencias y Sistemas,2016-58,2024
2a26e298-c5dc-52aa-94db-7ad1d63e65cb,2024,S1,58,Ciencias y Sistemas,2016-58,2024
2e92edf7-1f03-5522-b45a-ff426594d799,2024,S1,58,Ciencias y Sistemas,2016-58,2024
2fc7191e-47d6-5226-a537-f8c6eac9dddc,2024,S1,58,Ciencias y Sistemas,2016-58,2024
30cfbf3f-525e-5689-b923-5f20e1134539,2024,S1,58,Ciencias y Sistemas,2016-58,2024
33d3602a-b2e5-5e74-b015-aef7204523f1,2024,S1,58,Ciencias y Sistemas,2016-58,2024
3513277f-67b8-5015-9843-e138ce7821cd,2024,S1,58,Ciencias y Sistemas,2016-58,2024
3678d8f5-f11c-5323-ad36-aab7f6b19119,2024,S1,58,Ciencias y Sistemas,2016-58,2024
378bc465-cae2-5579-8861-ca717c0ef31c,2024,S1,58,Ciencias y Sistemas,2016-58,2024
37cf6f59-cc69-576b-ba66-c5cf8fe772c3,2024,S1,58,Ciencias y Sistemas,2016-58,2024
3bddbee5-05a1-5c39-ac75-9157f041902e,2024,S1,58,Ciencias y Sistemas,2016-58,2024
3d0a4f10-ddc8-5c1d-9130-52080699b517,2024,S1,58,Ciencias y Sistemas,2016-58,2024
3de5d6a3-404d-592b-bd1d-e16220feabe5,2024,S1,58,Ciencias y Sistemas,2016-58,2024
3e703abf-7a8c-5481-8fa7-6bc889902317,2024,S1,58,Ciencias y Sistemas,2016-58,2024
3ed23438-77d4-550f-ad5f-cc6bcf90ec02,2024,S1,58,Ciencias y Sistemas,2016-58,2024
4051bf55-d9ef-5c45-94d7-34fa1dad5078,2024,S1,58,Ciencias y Sistemas,2016-58,2024
41833e6f-ff9c-5e3d-8bc1-bf5c5abc3959,2024,S1,58,Ciencias y Sistemas,2016-58,2024
4190cb8b-4ab0-546e-bcd5-ebd18861cbf2,2024,S1,58,Ciencias y Sistemas,2016-58,2024
421e5b33-6bf8-5c14-a03b-3a4e6da333e6,2024,S1,58,Ciencias y Sistemas,2016-58,2024
423e74d0-11dd-5a3f-8ce1-5ef8d9ab9064,2024,S1,58,Ciencias y Sistemas,2016-58,2024
44265d66-98f6-5e01-98b4-22e7f68180a9,2024,S1,58,Ciencias y Sistemas,2016-58,2024
47413417-88fb-5b3e-957d-208714a3e40a,2024,S1,58,Ciencias y Sistemas,2016-58,2024
496acb28-ec74-5afd-ad47-b5e79d157dbe,2024,S1,58,Ciencias y Sistemas,2016-58,2024
4a2ce805-bcd0-5f19-ab09-687335d8db6b,2024,S1,58,Ciencias y Sistemas,2016-58,2024
4ace62b5-4832-525a-8d5d-71bdbe79aa5d,2024,S1,58,Ciencias y Sistemas,2016-58,2024
4ca64fe3-739c-5549-9021-88056df3ce2c,2024,S1,58,Ciencias y Sistemas,2016-58,2024
4d21cea1-ac04-5543-86ff-a481632efb1e,2024,S1,58,Ciencias y Sistemas,2016-58,2024
5010db5c-18ea-546b-b351-b9d46655e790,2024,S1,58,Ciencias y Sistemas,2016-58,2024
50cd2e0b-10ff-5209-836b-c75477a9725b,2024,S1,58,Ciencias y Sistemas,2016-58,2024
515cd66c-ea70-5052-a873-774d8dac953d,2024,S1,58,Ciencias y Sistemas,2016-58,2024
54a8344b-f5b6-57d7-bf33-011f650d4236,2024,S1,58,Ciencias y Sistemas,2016-58,2024
54efacbd-8d05-5312-8217-122e8f73fddc,2024,S1,58,Ciencias y Sistemas,2016-58,2024
56ed1545-fc8b-541e-9773-3c5f0bc2bf3b,2024,S1,58,Ciencias y Sistemas,2016-58,2024
5814899b-920c-5074-a7c7-7511abd951ba,2024,S1,58,Ciencias y Sistemas,2016-58,2024
584ca980-7215-5ebe-bd2d-639aa11fa8a6,2024,S1,58,Ciencias y Sistemas,2016-58,2024
590a15b3-d7a2-52b9-ab96-bf974ee42530,2024,S1,58,Ciencias y Sistemas,2016-58,2024
59fa1784-d7c1-543c-9d6d-14e13774fe1a,2024,S1,58,Ciencias y Sistemas,2016-58,2024
5a4dd046-dd91-5381-90c2-a900c4c37cbb,2024,S1,58,Ciencias y Sistemas,2016-58,2024
5c937f46-19cc-56ec-bd5e-bec0181f8b45,2024,S1,58,Ciencias y Sistemas,2016-58,2024
5d95c06a-fef3-5ae3-916c-3141bbd59760,2024,S1,58,Ciencias y Sistemas,2016-58,2024
5f88dc9a-1680-52ba-95d3-277b3d08cd6a,2024,S1,58,Ciencias y Sistemas,2016-58,2024
61c7e1ff-5e5c-5001-8567-a3771ff133dd,2024,S1,58,Ciencias y Sistemas,2016-58,2024
6327d4a3-6104-565e-b692-b3e8408fe538,2024,S1,58,Ciencias y Sistemas,2016-58,2024
63b57290-7942-50f2-9869-50904d311a85,2024,S1,58,Ciencias y Sistemas,2016-58,2024
64ceec45-794c-5ee0-8ef2-30c3d622ab0f,2024,S1,58,Ciencias y Sistemas,2016-58,2024
666af2be-87f6-5662-975b-441feb776cf0,2024,S1,58,Ciencias y Sistemas,2016-58,2024
66d6c08a-7bbd-5231-8022-3bd6f157ebc0,2024,S1,58,Ciencias y Sistemas,2016-58,2024
671fcbd0-25c4-532a-afda-0a6d10e90dd4,2024,S1,58,Ciencias y Sistemas,2016-58,2024
67414565-08f4-5f9f-b76b-b069d2a06f0f,2024,S1,58,Ciencias y Sistemas,2016-58,2024
682590a1-8178-5261-b1a8-d0e0130255a2,2024,S1,58,Ciencias y Sistemas,2016-58,2024
690c8f5e-bfea-5f1d-bd3a-737d48c6bcbd,2024,S1,58,Ciencias y Sistemas,2016-58,2024
6a5add93-63e2-56da-ad52-61e4a59b33d7,2024,S1,58,Ciencias y Sistemas,2016-58,2024
6b1b007f-3d94-50d2-95ae-a23cf0fd1801,2024,S1,58,Ciencias y Sistemas,2016-58,2024
6ec54b76-7dc1-5765-b816-5a329a6432e2,2024,S1,58,Ciencias y Sistemas,2016-58,2024
72e11633-3227-57e3-b469-86f635587704,2024,S1,58,Ciencias y Sistemas,2016-58,2024
73b10026-ae9f-549d-9df0-f12a55fe95f5,2024,S1,58,Ciencias y Sistemas,2016-58,2024
76c382db-d59f-56da-9b78-fa2341e8a839,2024,S1,58,Ciencias y Sistemas,2016-58,2024
7736aed7-1f28-53e1-8433-c7a89c6e4992,2024,S1,58,Ciencias y Sistemas,2016-58,2024
77ba4949-674f-5d40-b7e3-d0faee92880d,2024,S1,58,Ciencias y Sistemas,2016-58,2024
799bdc38-e9f5-5892-b852-bcb64e6e021b,2024,S1,58,Ciencias y Sistemas,2016-58,2024
79e7db35-50f0-5599-a41c-31b243f13720,2024,S1,58,Ciencias y Sistemas,2016-58,2024
79f7bd09-d805-5ce8-ab92-7f3812865478,2024,S1,58,Ciencias y Sistemas,2016-58,2024
7b4bccb3-17ad-55f8-999a-2445c85928a1,2024,S1,58,Ciencias y Sistemas,2016-58,2024
7e3bdd97-4da0-5cd5-b823-7a9e26bc38c5,2024,S1,58,Ciencias y Sistemas,2016-58,2024
81104a59-2b4e-542a-8a88-6b95928606f2,2024,S1,58,Ciencias y Sistemas,2016-58,2024
81de0be7-e4bd-5700-bd1f-64854b46c475,2024,S1,58,Ciencias y Sistemas,2016-58,2024
82c26a79-1d7f-541f-a528-1fa65eacb07f,2024,S1,58,Ciencias y Sistemas,2016-58,2024
8330ae23-4728-57d3-9192-77a20abbdca7,2024,S1,58,Ciencias y Sistemas,2016-58,2024
84dddfd9-5b3a-5af3-9cc7-78c192097158,2024,S1,58,Ciencias y Sistemas,2016-58,2024
86ca5350-2e17-5b7e-a919-5fd3d68be21f,2024,S1,58,Ciencias y Sistemas,2016-58,2024
88a82b73-03f1-51b9-8e54-86fd323e5b2f,2024,S1,58,Ciencias y Sistemas,2016-58,2024
88ac2e8a-94a5-5041-b4e6-f6e5d388a4da,2024,S1,58,Ciencias y Sistemas,2016-58,2024
892d453e-ad59-5c86-bc3e-bdd521dd397b,2024,S1,58,Ciencias y Sistemas,2016-58,2024
898ef159-1bc5-50f4-a839-8a6328ead4e2,2024,S1,58,Ciencias y Sistemas,2016-58,2024
8c52812b-9b12-5e6a-8874-64d21817846a,2024,S1,58,Ciencias y Sistemas,2016-58,2024
8c6b782d-1004-5643-8e93-3a5fca01dcd3,2024,S1,58,Ciencias y Sistemas,2016-58,2024
8cd78b9b-ec67-5cc2-a2e0-f9086c2a104e,2024,S1,58,Ciencias y Sistemas,2016-58,2024
91743045-3b39-5cd8-b8b9-bf08f8d5885d,2024,S1,58,Ciencias y Sistemas,2016-58,2024
92fcb7e2-aae7-5aa4-81b8-b92b825fe8a7,2024,S1,58,Ciencias y Sistemas,2016-58,2024
977f0c1c-e388-5fbf-be24-31a4cebf45d1,2024,S1,58,Ciencias y Sistemas,2016-58,2024
978d05a1-a5a9-5ba4-9e3c-f3840d820cc0,2024,S1,58,Ciencias y Sistemas,2016-58,2024
9b21c50e-3681-517b-af9a-5d043499cb27,2024,S1,58,Ciencias y Sistemas,2016-58,2024
9d33fef8-5e8a-5846-9347-224ddf41678a,2024,S1,58,Ciencias y Sistemas,2016-58,2024
9e77d389-c711-5374-8ab7-a5ef908fb2a5,2024,S1,58,Ciencias y Sistemas,2016-58,2024
9ffa6583-b745-5ab4-b96f-0cb448667369,2024,S1,58,Ciencias y Sistemas,2016-58,2024
a2047dfe-7072-5573-86cf-cf4ca53db0fa,2024,S1,58,Ciencias y Sistemas,2016-58,2024
a3861666-b560-52ec-9759-10a1eb4d3847,2024,S1,58,Ciencias y Sistemas,2016-58,2024
a531dcbb-f49d-5195-8ee1-330009237354,2024,S1,58,Ciencias y Sistemas,2016-58,2024
a8b2948e-db2a-550f-8291-7bf443e650f9,2024,S1,58,Ciencias y Sistemas,2016-58,2024
a97bb513-eef4-547a-a146-e227965cdee2,2024,S1,58,Ciencias y Sistemas,2016-58,2024
aa0e548f-62ee-554b-83fc-7eb4613cf4ff,2024,S1,58,Ciencias y Sistemas,2016-58,2024
aa8813f5-0192-5963-bd3d-2626ed41657a,2024,S1,58,Ciencias y Sistemas,2016-58,2024
ad10f604-2695-5bb8-9b2b-5740bf0e649d,2024,S1,58,Ciencias y Sistemas,2016-58,2024
b2cb3fc9-c25c-563b-8ade-24efbcb82119,2024,S1,58,Ciencias y Sistemas,2016-58,2024
b39a108c-b4ee-5874-8b0c-d7dcd496f75d,2024,S1,58,Ciencias y Sistemas,2016-58,2024
b481fb0d-4c7d-5dbf-8e5a-85fcf4533ba4,2024,S1,58,Ciencias y Sistemas,2016-58,2024
b48cf04d-3355-5979-a671-d15244b9f856,2024,S1,58,Ciencias y Sistemas,2016-58,2024
b4d9082e-1db4-5faf-906f-1ae369f92be4,2024,S1,58,Ciencias y Sistemas,2016-58,2024
b73c830f-c8ef-567b-bcb4-081b76752502,2024,S1,58,Ciencias y Sistemas,2016-58,2024
b91bfdc4-f835-5a86-8106-fce8775833f0,2024,S1,58,Ciencias y Sistemas,2016-58,2024
b92068f4-3013-587a-8e70-ce58bab62301,2024,S1,58,Ciencias y Sistemas,2016-58,2024
bad1322f-2133-549a-a69d-feb9f4347a58,2024,S1,58,Ciencias y Sistemas,2016-58,2024
bb6f73d6-26af-56f4-8416-97e3fd8fba7a,2024,S1,58,Ciencias y Sistemas,2016-58,2024
bc81ba4d-c2d3-5069-aa38-750cf904b140,2024,S1,58,Ciencias y Sistemas,2016-58,2024
bd1c4b12-6c8c-5a45-8625-5e8fbbaa33f2,2024,S1,58,Ciencias y Sistemas,2016-58,2024
bd6823c1-6617-541e-b44d-2de09a66e52e,2024,S1,58,Ciencias y Sistemas,2016-58,2024
be1fcbec-38cc-5bd7-8f2d-eb697f760369,2024,S1,58,Ciencias y Sistemas,2016-58,2024
be370c13-7be9-54a5-89bb-4bdce7fb2e43,2024,S1,58,Ciencias y Sistemas,2016-58,2024
bfe5ef19-d0c8-5540-803a-a9fd11a6409a,2024,S1,58,Ciencias y Sistemas,2016-58,2024
c196e189-9bf9-5874-954e-a0324df04e81,2024,S1,58,Ciencias y Sistemas,2016-58,2024
c22564cf-cae3-58e7-b34e-1ee6d3c9993a,2024,S1,58,Ciencias y Sistemas,2016-58,2024
c236c9a7-ebb8-5bdd-9717-5b80d6074b31,2024,S1,58,Ciencias y Sistemas,2016-58,2024
c4cf05e9-8e3a-56f4-b1f2-38881baed5d0,2024,S1,58,Ciencias y Sistemas,2016-58,2024
c51f9510-af9e-5a2e-8d05-9db91cfc5948,2024,S1,58,Ciencias y Sistemas,2016-58,2024
c9be5db4-4388-5e6e-bdb4-3792752de6b4,2024,S1,58,Ciencias y Sistemas,2016-58,2024
cea4473d-52f7-5d4c-a6ca-fac54542b285,2024,S1,58,Ciencias y Sistemas,2016-58,2024
cf443787-1a74-5a5e-bff3-2ef5575818ac,2024,S1,58,Ciencias y Sistemas,2016-58,2024
d11c046e-c9c2-5193-9cc1-77492c5d1264,2024,S1,58,Ciencias y Sistemas,2016-58,2024
d1be5647-fdd8-53fe-8b3c-64441ddd5977,2024,S1,58,Ciencias y Sistemas,2016-58,2024
d249646d-3649-5026-b0d5-4d07c1c3188b,2024,S1,58,Ciencias y Sistemas,2016-58,2024
d2f58abe-3bd7-5f07-9c7e-3a449807463d,2024,S1,58,Ciencias y Sistemas,2016-58,2024
d31f1530-eb29-5bdd-b1a8-a3ae4c08702f,2024,S1,58,Ciencias y Sistemas,2016-58,2024
d3fc7fce-8bb1-5b8f-a4d5-58e2ef066b24,2024,S1,58,Ciencias y Sistemas,2016-58,2024
d4f8b688-70f3-5128-9500-2a45103ce45b,2024,S1,58,Ciencias y Sistemas,2016-58,2024
d6d03fe5-9685-5915-b023-7244e7e5d506,2024,S1,58,Ciencias y Sistemas,2016-58,2024
d79beb1a-7cf0-5775-9371-58bfa0b31898,2024,S1,58,Ciencias y Sistemas,2016-58,2024
da0c1c2d-eae2-57b8-b466-96a10f60d443,2024,S1,58,Ciencias y Sistemas,2016-58,2024
dc7a4a7d-204c-510b-8a49-6ce8ff399651,2024,S1,58,Ciencias y Sistemas,2016-58,2024
dda7d84e-c79a-5f19-b8d1-4090f3239620,2024,S1,58,Ciencias y Sistemas,2016-58,2024
df0bf56a-77fe-508c-a55e-34d29c2f924e,2024,S1,58,Ciencias y Sistemas,2016-58,2024
e1e5ddb0-f781-58a0-8ee3-0398d09b2498,2024,S1,58,Ciencias y Sistemas,2016-58,2024
e3139aa2-e1cb-5e06-8ef2-3c1807aa2572,2024,S1,58,Ciencias y Sistemas,2016-58,2024
e3bc81de-b8d3-5624-bc8b-61e4451515d1,2024,S1,58,Ciencias y Sistemas,2016-58,2024
e42d7ce0-3048-53ab-8d1d-178e47c9bc3e,2024,S1,58,Ciencias y Sistemas,2016-58,2024
e47c32f0-0c28-5157-bc7c-72d90ae601f8,2024,S1,58,Ciencias y Sistemas,2016-58,2024
e6e9156d-7483-53bd-b81b-65242bc99cc1,2024,S1,58,Ciencias y Sistemas,2016-58,2024
e7a0dea3-1160-5442-9abe-2892ffc9696e,2024,S1,58,Ciencias y Sistemas,2016-58,2024
e7da69d3-57e7-59a4-922d-a24220d927f7,2024,S1,58,Ciencias y Sistemas,2016-58,2024
e900eff1-a3f4-5be4-86dd-49f64721fc82,2024,S1,58,Ciencias y Sistemas,2016-58,2024
ed913d33-9a4a-5cda-a123-31a39a3a328e,2024,S1,58,Ciencias y Sistemas,2016-58,2024
f02dd2cb-e888-5bf5-ba3e-f4b7b438b68a,2024,S1,58,Ciencias y Sistemas,2016-58,2024
f1655cb7-00bc-5455-9379-254358e903cf,2024,S1,58,Ciencias y Sistemas,2016-58,2024
f1bca5fd-d3c7-5b2e-a90e-fbbf75fbcb41,2024,S1,58,Ciencias y Sistemas,2016-58,2024
f23552cd-6876-5561-b470-73e7c5e2bebe,2024,S1,58,Ciencias y Sistemas,2016-58,2024
f2460c68-01ff-5d83-9a1a-787679bb79e7,2024,S1,58,Ciencias y Sistemas,2016-58,2024
f38571e3-0dd7-56c0-9003-d327dcd76739,2024,S1,58,Ciencias y Sistemas,2016-58,2024
f40eeb46-bad9-5029-91f9-439aa0d47666,2024,S1,58,Ciencias y Sistemas,2016-58,2024
f52fddd3-e36f-5a82-a378-727e37fe4596,2024,S1,58,Ciencias y Sistemas,2016-58,2024
f6488969-c04b-5ddd-960d-f87b5e1b214f,2024,S1,58,Ciencias y Sistemas,2016-58,2024
f75c73c4-4353-55c2-b404-dd551be115aa,2024,S1,58,Ciencias y Sistemas,2016-58,2024
fb399764-8cce-535f-a2de-db636fb7aac4,2024,S1,58,Ciencias y Sistemas,2016-58,2024
fc57b469-8570-5031-b6b6-027ecfb0f9a7,2024,S1,58,Ciencias y Sistemas,2016-58,2024
fc8f1dd9-0500-5ce4-9533-7c16115f0457,2024,S1,58,Ciencias y Sistemas,2016-58,2024
ff12ec30-7918-541b-8167-6fda67f57e81,2024,S1,58,Ciencias y Sistemas,2016-58,2024
ff9481f2-af23-5a24-9813-859e9c577ab6,2024,S1,58,Ciencias y Sistemas,2016-58,2024
